transaction_id,timestamp,amount,payment_method,status,failure_reason
TXN00001,2026-09-01 18:54:00,3848,UPI,Success,
TXN00002,2026-09-01 11:48:00,4772,Card,Success,
TXN00003,2026-09-01 17:18:00,3048,Card,Failed,Bank timeout
TXN00004,2026-09-01 11:43:00,7823,Card,Failed,Insufficient funds
TXN00005,2026-09-01 20:13:00,21495,Card,Success,
TXN00006,2026-09-01 15:39:00,19509,UPI,Success,
TXN00007,2026-09-01 20:57:00,5431,Card,Success,
TXN00008,2026-09-01 10:39:00,7255,Wallet,Success,
TXN00009,2026-09-01 09:34:00,12649,UPI,Success,
TXN00010,2026-09-01 18:18:00,8867,NetBanking,Success,
TXN00011,2026-09-01 17:09:00,4290,Wallet,Success,
TXN00012,2026-09-01 17:25:00,9806,NetBanking,Success,
TXN00013,2026-09-01 14:10:00,19118,UPI,Failed,Insufficient funds
TXN00014,2026-09-01 21:11:00,9682,Wallet,Success,
TXN00015,2026-09-01 09:43:00,12655,UPI,Success,
TXN00016,2026-09-01 14:13:00,5529,UPI,Success,
TXN00017,2026-09-01 12:33:00,23197,NetBanking,Success,
TXN00018,2026-09-01 18:23:00,21006,UPI,Success,
TXN00019,2026-09-01 10:47:00,15347,UPI,Success,
TXN00020,2026-09-01 18:55:00,22749,Card,Success,
TXN00021,2026-09-01 21:06:00,2032,UPI,Failed,Network error
TXN00022,2026-09-01 14:50:00,8973,UPI,Success,
TXN00023,2026-09-01 17:40:00,23724,UPI,Success,
TXN00024,2026-09-01 14:45:00,21264,UPI,Success,
TXN00025,2026-09-01 12:12:00,24611,Card,Success,
TXN00026,2026-09-01 17:58:00,14238,NetBanking,Success,
TXN00027,2026-09-01 11:44:00,4732,Card,Success,
TXN00028,2026-09-01 08:48:00,3792,UPI,Success,
TXN00029,2026-09-01 19:36:00,14033,Card,Success,
TXN00030,2026-09-01 18:10:00,15537,Card,Success,
TXN00031,2026-09-01 08:11:00,22491,Card,Success,
TXN00032,2026-09-01 17:09:00,24804,UPI,Success,
TXN00033,2026-09-01 09:54:00,9817,UPI,Success,
TXN00034,2026-09-01 20:19:00,23782,UPI,Success,
TXN00035,2026-09-01 11:02:00,16835,NetBanking,Success,
TXN00036,2026-09-01 13:05:00,21137,Card,Success,
TXN00037,2026-09-01 14:22:00,5493,Card,Success,
TXN00038,2026-09-01 17:03:00,218,Card,Success,
TXN00039,2026-09-01 09:54:00,12094,NetBanking,Success,
TXN00040,2026-09-01 13:14:00,8046,UPI,Success,
TXN00041,2026-09-01 09:20:00,3006,Card,Success,
TXN00042,2026-09-01 20:58:00,17655,Card,Success,
TXN00043,2026-09-01 16:06:00,18215,UPI,Success,
TXN00044,2026-09-01 18:21:00,14065,Wallet,Success,
TXN00045,2026-09-01 20:53:00,24118,Card,Success,
TXN00046,2026-09-01 14:48:00,22209,Card,Success,
TXN00047,2026-09-01 16:49:00,14994,UPI,Success,
TXN00048,2026-09-01 13:46:00,889,Card,Success,
TXN00049,2026-09-01 11:45:00,435,UPI,Success,
TXN00050,2026-09-01 11:54:00,2408,NetBanking,Success,
TXN00051,2026-09-01 09:12:00,17047,UPI,Success,
TXN00052,2026-09-01 11:39:00,17869,UPI,Success,
TXN00053,2026-09-01 17:44:00,19081,UPI,Success,
TXN00054,2026-09-01 21:46:00,13538,UPI,Failed,Payment declined
TXN00055,2026-09-01 14:02:00,14079,UPI,Success,
TXN00056,2026-09-01 08:55:00,22264,Card,Success,
TXN00057,2026-09-01 09:02:00,13393,Card,Success,
TXN00058,2026-09-01 09:51:00,8347,UPI,Success,
TXN00059,2026-09-01 10:23:00,14024,UPI,Success,
TXN00060,2026-09-01 09:17:00,14720,NetBanking,Success,
TXN00061,2026-09-01 09:40:00,1857,Card,Success,
TXN00062,2026-09-01 08:15:00,3256,NetBanking,Success,
TXN00063,2026-09-01 10:50:00,13517,UPI,Success,
TXN00064,2026-09-01 14:50:00,2121,UPI,Failed,Payment declined
TXN00065,2026-09-01 12:31:00,15109,UPI,Success,
TXN00066,2026-09-01 20:28:00,18411,Card,Success,
TXN00067,2026-09-01 11:14:00,9922,UPI,Failed,Authentication failed
TXN00068,2026-09-01 09:02:00,24709,UPI,Failed,Payment declined
TXN00069,2026-09-01 16:34:00,17603,UPI,Success,
TXN00070,2026-09-01 09:22:00,6289,UPI,Failed,Insufficient funds
TXN00071,2026-09-01 14:53:00,4128,NetBanking,Success,
TXN00072,2026-09-01 17:52:00,19681,UPI,Success,
TXN00073,2026-09-01 19:13:00,19325,Card,Success,
TXN00074,2026-09-01 12:27:00,6893,Card,Success,
TXN00075,2026-09-01 12:31:00,13169,UPI,Success,
TXN00076,2026-09-01 15:48:00,10560,NetBanking,Success,
TXN00077,2026-09-01 08:09:00,15217,Card,Success,
TXN00078,2026-09-01 09:42:00,2600,Card,Success,
TXN00079,2026-09-01 10:15:00,11636,NetBanking,Success,
TXN00080,2026-09-01 14:18:00,9538,UPI,Success,
TXN00081,2026-09-01 20:00:00,10112,Card,Success,
TXN00082,2026-09-01 19:09:00,17532,UPI,Success,
TXN00083,2026-09-01 13:06:00,21937,UPI,Success,
TXN00084,2026-09-01 12:30:00,3982,NetBanking,Success,
TXN00085,2026-09-01 10:39:00,9124,UPI,Success,
TXN00086,2026-09-01 13:51:00,6871,Card,Success,
TXN00087,2026-09-01 16:37:00,16208,UPI,Success,
TXN00088,2026-09-01 08:52:00,3224,Card,Success,
TXN00089,2026-09-01 08:45:00,316,UPI,Success,
TXN00090,2026-09-01 12:28:00,5494,Card,Success,
TXN00091,2026-09-01 15:17:00,18579,UPI,Failed,Insufficient funds
TXN00092,2026-09-01 17:18:00,1380,NetBanking,Success,
TXN00093,2026-09-01 10:31:00,14283,UPI,Success,
TXN00094,2026-09-01 21:35:00,1507,NetBanking,Success,
TXN00095,2026-09-01 12:15:00,22054,UPI,Success,
TXN00096,2026-09-01 14:56:00,20537,Card,Success,
TXN00097,2026-09-01 12:02:00,5524,Wallet,Success,
TXN00098,2026-09-01 15:02:00,1012,UPI,Success,
TXN00099,2026-09-01 21:21:00,13691,NetBanking,Success,
TXN00100,2026-09-01 21:50:00,8331,UPI,Success,
TXN00101,2026-09-01 09:50:00,12735,NetBanking,Success,
TXN00102,2026-09-01 11:47:00,6739,NetBanking,Success,
TXN00103,2026-09-01 13:12:00,7657,UPI,Success,
TXN00104,2026-09-01 14:48:00,10956,UPI,Failed,Network error
TXN00105,2026-09-01 13:59:00,21220,Card,Success,
TXN00106,2026-09-01 17:09:00,11051,NetBanking,Success,
TXN00107,2026-09-01 12:27:00,6051,Card,Success,
TXN00108,2026-09-01 08:39:00,3752,Card,Success,
TXN00109,2026-09-01 21:25:00,10478,UPI,Success,
TXN00110,2026-09-01 09:58:00,12822,NetBanking,Success,
TXN00111,2026-09-01 08:45:00,23425,UPI,Success,
TXN00112,2026-09-01 21:45:00,17843,Card,Success,
TXN00113,2026-09-01 20:34:00,22175,UPI,Success,
TXN00114,2026-09-01 19:20:00,11019,Card,Success,
TXN00115,2026-09-01 10:07:00,23784,NetBanking,Success,
TXN00116,2026-09-01 19:22:00,13582,UPI,Success,
TXN00117,2026-09-01 17:27:00,4370,UPI,Success,
TXN00118,2026-09-01 14:28:00,22394,Card,Success,
TXN00119,2026-09-01 17:42:00,10061,UPI,Success,
TXN00120,2026-09-01 13:11:00,9601,UPI,Success,
TXN00121,2026-09-01 18:21:00,21653,UPI,Success,
TXN00122,2026-09-01 19:31:00,7202,Card,Success,
TXN00123,2026-09-01 21:35:00,24315,UPI,Failed,Authentication failed
TXN00124,2026-09-01 19:19:00,20940,Card,Success,
TXN00125,2026-09-01 20:49:00,7896,Card,Success,
TXN00126,2026-09-01 11:23:00,5028,UPI,Success,
TXN00127,2026-09-01 16:06:00,20230,NetBanking,Failed,Payment declined
TXN00128,2026-09-01 18:44:00,19063,UPI,Success,
TXN00129,2026-09-01 16:26:00,13295,UPI,Success,
TXN00130,2026-09-01 08:05:00,24807,NetBanking,Success,
TXN00131,2026-09-01 21:17:00,14131,UPI,Success,
TXN00132,2026-09-01 19:52:00,17172,UPI,Success,
TXN00133,2026-09-01 10:04:00,15157,UPI,Success,
TXN00134,2026-09-01 17:03:00,18514,Card,Success,
TXN00135,2026-09-01 15:33:00,20275,NetBanking,Success,
TXN00136,2026-09-01 15:16:00,18152,UPI,Success,
TXN00137,2026-09-01 16:06:00,14947,UPI,Success,
TXN00138,2026-09-01 18:52:00,9286,Card,Success,
TXN00139,2026-09-01 18:41:00,8039,UPI,Failed,Network error
TXN00140,2026-09-01 12:00:00,9103,UPI,Success,
TXN00141,2026-09-01 09:22:00,4734,UPI,Success,
TXN00142,2026-09-01 10:36:00,23347,UPI,Success,
TXN00143,2026-09-01 13:38:00,17980,UPI,Failed,Payment declined
TXN00144,2026-09-01 14:38:00,19339,NetBanking,Failed,Authentication failed
TXN00145,2026-09-01 14:29:00,15829,UPI,Success,
TXN00146,2026-09-01 20:51:00,12979,NetBanking,Success,
TXN00147,2026-09-01 15:09:00,17836,Card,Success,
TXN00148,2026-09-01 18:17:00,7426,UPI,Success,
TXN00149,2026-09-01 16:17:00,1151,UPI,Success,
TXN00150,2026-09-01 21:37:00,13448,Card,Success,
TXN00151,2026-09-01 10:10:00,20590,Card,Success,
TXN00152,2026-09-01 18:06:00,18693,Card,Success,
TXN00153,2026-09-01 15:18:00,4646,NetBanking,Success,
TXN00154,2026-09-01 12:26:00,12622,UPI,Success,
TXN00155,2026-09-01 13:45:00,12623,UPI,Success,
TXN00156,2026-09-01 15:11:00,8466,NetBanking,Success,
TXN00157,2026-09-01 20:47:00,17875,UPI,Success,
TXN00158,2026-09-01 11:49:00,21503,UPI,Success,
TXN00159,2026-09-01 08:41:00,24914,UPI,Success,
TXN00160,2026-09-01 08:20:00,20559,UPI,Success,
TXN00161,2026-09-01 19:25:00,3948,Card,Success,
TXN00162,2026-09-01 19:56:00,8596,Card,Success,
TXN00163,2026-09-01 18:21:00,24708,Card,Success,
TXN00164,2026-09-01 10:47:00,10392,UPI,Failed,Network error
TXN00165,2026-09-01 17:49:00,22395,NetBanking,Success,
TXN00166,2026-09-01 20:12:00,6698,UPI,Success,
TXN00167,2026-09-01 18:42:00,8157,UPI,Success,
TXN00168,2026-09-01 19:40:00,19874,NetBanking,Success,
TXN00169,2026-09-01 17:39:00,1545,UPI,Success,
TXN00170,2026-09-01 14:19:00,2459,Card,Success,
TXN00171,2026-09-01 15:10:00,16262,UPI,Success,
TXN00172,2026-09-01 18:50:00,15264,Card,Success,
TXN00173,2026-09-01 20:31:00,17296,Wallet,Success,
TXN00174,2026-09-01 21:47:00,17834,Card,Success,
TXN00175,2026-09-01 20:28:00,19614,UPI,Success,
TXN00176,2026-09-01 09:28:00,9339,NetBanking,Success,
TXN00177,2026-09-01 15:55:00,18872,Card,Success,
TXN00178,2026-09-01 08:29:00,16397,NetBanking,Success,
TXN00179,2026-09-01 11:37:00,11826,Card,Success,
TXN00180,2026-09-01 18:10:00,23176,NetBanking,Success,
TXN00181,2026-09-01 16:49:00,6460,UPI,Success,
TXN00182,2026-09-01 16:20:00,18392,Card,Success,
TXN00183,2026-09-01 19:01:00,23525,UPI,Success,
TXN00184,2026-09-01 09:35:00,9841,UPI,Success,
TXN00185,2026-09-01 13:13:00,21956,Card,Success,
TXN00186,2026-09-01 17:03:00,11464,UPI,Success,
TXN00187,2026-09-01 13:38:00,11728,Card,Success,
TXN00188,2026-09-01 12:17:00,7754,UPI,Success,
TXN00189,2026-09-01 10:02:00,24542,Card,Success,
TXN00190,2026-09-01 11:09:00,6476,UPI,Success,
TXN00191,2026-09-01 20:21:00,19519,Wallet,Success,
TXN00192,2026-09-01 12:49:00,3494,NetBanking,Success,
TXN00193,2026-09-01 14:09:00,6079,UPI,Success,
TXN00194,2026-09-01 10:09:00,9188,UPI,Failed,Network error
TXN00195,2026-09-01 19:54:00,4337,Card,Success,
TXN00196,2026-09-01 09:45:00,601,Card,Success,
TXN00197,2026-09-01 15:31:00,11364,UPI,Failed,Payment declined
TXN00198,2026-09-01 09:56:00,2341,UPI,Failed,Bank timeout
TXN00199,2026-09-01 10:35:00,5088,NetBanking,Success,
TXN00200,2026-09-01 09:27:00,8332,UPI,Success,
TXN00201,2026-09-01 18:20:00,19733,Card,Success,
TXN00202,2026-09-01 16:55:00,12664,UPI,Success,
TXN00203,2026-09-01 18:02:00,14251,UPI,Success,
TXN00204,2026-09-01 18:24:00,24451,UPI,Success,
TXN00205,2026-09-01 18:40:00,7114,UPI,Success,
TXN00206,2026-09-01 12:05:00,5895,Card,Success,
TXN00207,2026-09-01 14:58:00,14962,Card,Success,
TXN00208,2026-09-01 08:33:00,7785,UPI,Success,
TXN00209,2026-09-01 15:44:00,2532,Card,Success,
TXN00210,2026-09-01 21:26:00,20681,Card,Success,
TXN00211,2026-09-01 11:22:00,14130,UPI,Success,
TXN00212,2026-09-01 10:32:00,8904,NetBanking,Failed,Insufficient funds
TXN00213,2026-09-01 21:31:00,10279,Card,Success,
TXN00214,2026-09-01 12:55:00,14590,UPI,Success,
TXN00215,2026-09-01 19:56:00,13389,NetBanking,Success,
TXN00216,2026-09-01 16:25:00,14544,UPI,Failed,Payment declined
TXN00217,2026-09-01 20:32:00,10761,Card,Failed,Insufficient funds
TXN00218,2026-09-01 19:30:00,19048,Card,Failed,Network error
TXN00219,2026-09-01 17:50:00,1518,Card,Success,
TXN00220,2026-09-01 16:51:00,21548,UPI,Success,
TXN00221,2026-09-01 17:59:00,14483,Card,Success,
TXN00222,2026-09-01 09:33:00,15601,UPI,Success,
TXN00223,2026-09-01 19:26:00,3627,NetBanking,Success,
TXN00224,2026-09-01 19:50:00,16435,UPI,Success,
TXN00225,2026-09-01 21:53:00,18225,UPI,Failed,Network error
TXN00226,2026-09-01 13:31:00,3998,Wallet,Success,
TXN00227,2026-09-01 16:46:00,237,Card,Success,
TXN00228,2026-09-01 15:03:00,1976,UPI,Success,
TXN00229,2026-09-01 20:54:00,16534,Card,Success,
TXN00230,2026-09-01 11:28:00,8950,Card,Success,
TXN00231,2026-09-01 15:28:00,23080,UPI,Failed,Authentication failed
TXN00232,2026-09-01 21:38:00,8041,Card,Success,
TXN00233,2026-09-01 08:14:00,18296,UPI,Success,
TXN00234,2026-09-01 09:56:00,15320,NetBanking,Success,
TXN00235,2026-09-01 10:37:00,16530,NetBanking,Success,
TXN00236,2026-09-01 20:02:00,9159,UPI,Success,
TXN00237,2026-09-01 16:03:00,8186,UPI,Success,
TXN00238,2026-09-01 11:15:00,19840,Card,Success,
TXN00239,2026-09-01 09:11:00,9252,Card,Success,
TXN00240,2026-09-01 13:48:00,16837,UPI,Failed,Network error
TXN00241,2026-09-01 18:01:00,19202,Wallet,Success,
TXN00242,2026-09-01 10:32:00,14832,Card,Success,
TXN00243,2026-09-01 17:25:00,18007,UPI,Success,
TXN00244,2026-09-01 11:13:00,23055,UPI,Success,
TXN00245,2026-09-01 21:14:00,13660,UPI,Success,
TXN00246,2026-09-01 20:02:00,12692,UPI,Success,
TXN00247,2026-09-01 22:00:00,21565,Wallet,Success,
TXN00248,2026-09-01 08:37:00,4336,Card,Success,
TXN00249,2026-09-01 09:42:00,14627,UPI,Success,
TXN00250,2026-09-01 08:15:00,23873,UPI,Success,
TXN00251,2026-09-01 10:38:00,2651,UPI,Success,
TXN00252,2026-09-01 13:46:00,20622,Card,Success,
TXN00253,2026-09-01 13:36:00,22297,NetBanking,Success,
TXN00254,2026-09-01 13:24:00,20738,Card,Success,
TXN00255,2026-09-01 17:14:00,1376,Card,Success,
TXN00256,2026-09-01 19:40:00,9616,Wallet,Success,
TXN00257,2026-09-01 15:24:00,3425,Card,Success,
TXN00258,2026-09-01 09:42:00,14738,UPI,Success,
TXN00259,2026-09-01 08:29:00,1707,UPI,Failed,Network error
TXN00260,2026-09-01 14:23:00,14312,UPI,Success,
TXN00261,2026-09-01 17:39:00,22541,Card,Success,
TXN00262,2026-09-01 09:20:00,20171,NetBanking,Success,
TXN00263,2026-09-01 12:06:00,16507,NetBanking,Success,
TXN00264,2026-09-01 15:52:00,21102,UPI,Success,
TXN00265,2026-09-01 08:09:00,15445,NetBanking,Success,
TXN00266,2026-09-01 10:41:00,2620,UPI,Success,
TXN00267,2026-09-01 18:01:00,10002,Card,Success,
TXN00268,2026-09-01 12:16:00,15169,NetBanking,Success,
TXN00269,2026-09-01 14:33:00,16033,UPI,Success,
TXN00270,2026-09-01 14:07:00,19035,UPI,Success,
TXN00271,2026-09-01 08:22:00,21768,UPI,Failed,Bank timeout
TXN00272,2026-09-01 18:20:00,24617,UPI,Success,
TXN00273,2026-09-01 12:53:00,7740,Card,Success,
TXN00274,2026-09-01 18:51:00,6430,Card,Success,
TXN00275,2026-09-01 20:18:00,21800,Card,Success,
TXN00276,2026-09-01 09:39:00,20760,Card,Success,
TXN00277,2026-09-01 15:31:00,1293,Card,Success,
TXN00278,2026-09-01 09:32:00,9870,UPI,Success,
TXN00279,2026-09-01 11:25:00,4530,Card,Success,
TXN00280,2026-09-01 14:14:00,17594,Card,Success,
TXN00281,2026-09-01 10:48:00,8620,NetBanking,Success,
TXN00282,2026-09-01 21:45:00,9871,Card,Success,
TXN00283,2026-09-01 09:57:00,15546,Wallet,Success,
TXN00284,2026-09-01 11:51:00,22361,Card,Success,
TXN00285,2026-09-01 21:43:00,18462,UPI,Success,
TXN00286,2026-09-01 08:14:00,8865,Card,Success,
TXN00287,2026-09-01 19:28:00,24743,Card,Success,
TXN00288,2026-09-01 18:53:00,12372,UPI,Success,
TXN00289,2026-09-01 08:25:00,20501,NetBanking,Success,
TXN00290,2026-09-01 18:24:00,7453,Card,Success,
TXN00291,2026-09-01 15:55:00,23172,UPI,Success,
TXN00292,2026-09-01 10:23:00,1685,NetBanking,Success,
TXN00293,2026-09-01 16:24:00,4005,UPI,Success,
TXN00294,2026-09-01 10:18:00,12935,UPI,Success,
TXN00295,2026-09-01 20:40:00,23022,NetBanking,Success,
TXN00296,2026-09-01 20:40:00,24009,UPI,Success,
TXN00297,2026-09-01 09:41:00,16234,Card,Success,
TXN00298,2026-09-01 12:46:00,1272,Card,Success,
TXN00299,2026-09-01 15:35:00,7936,NetBanking,Success,
TXN00300,2026-09-01 19:42:00,12236,Card,Success,
TXN00301,2026-09-01 14:07:00,2184,UPI,Success,
TXN00302,2026-09-01 10:05:00,15100,UPI,Success,
TXN00303,2026-09-01 18:54:00,19767,Wallet,Failed,Network error
TXN00304,2026-09-01 12:09:00,4326,Card,Success,
TXN00305,2026-09-01 21:03:00,18360,UPI,Failed,Insufficient funds
TXN00306,2026-09-01 13:36:00,5035,Card,Success,
TXN00307,2026-09-01 12:43:00,4941,Wallet,Success,
TXN00308,2026-09-01 21:37:00,5917,UPI,Success,
TXN00309,2026-09-01 10:14:00,686,UPI,Success,
TXN00310,2026-09-01 18:02:00,10809,UPI,Success,
TXN00311,2026-09-01 10:09:00,24504,UPI,Success,
TXN00312,2026-09-01 09:05:00,15805,UPI,Success,
TXN00313,2026-09-01 18:07:00,3773,UPI,Success,
TXN00314,2026-09-01 18:29:00,1620,Card,Success,
TXN00315,2026-09-01 19:14:00,17286,UPI,Success,
TXN00316,2026-09-01 08:31:00,2193,Wallet,Success,
TXN00317,2026-09-01 15:16:00,22682,UPI,Success,
TXN00318,2026-09-01 15:34:00,2608,NetBanking,Success,
TXN00319,2026-09-01 10:31:00,2352,UPI,Success,
TXN00320,2026-09-01 17:59:00,18168,Card,Success,
TXN00321,2026-09-01 18:11:00,17585,UPI,Success,
TXN00322,2026-09-01 15:20:00,3449,Card,Success,
TXN00323,2026-09-01 19:10:00,21529,NetBanking,Success,
TXN00324,2026-09-01 11:40:00,14292,UPI,Success,
TXN00325,2026-09-01 13:47:00,15060,UPI,Success,
TXN00326,2026-09-01 13:20:00,14184,UPI,Success,
TXN00327,2026-09-01 10:36:00,22705,NetBanking,Failed,Bank timeout
TXN00328,2026-09-01 09:35:00,14351,UPI,Success,
TXN00329,2026-09-01 21:51:00,4463,Card,Success,
TXN00330,2026-09-01 17:35:00,18605,UPI,Success,
TXN00331,2026-09-01 14:02:00,22001,NetBanking,Success,
TXN00332,2026-09-01 20:18:00,1885,Wallet,Success,
TXN00333,2026-09-01 14:00:00,3594,Card,Success,
TXN00334,2026-09-01 19:12:00,16000,UPI,Success,
TXN00335,2026-09-01 17:29:00,12244,UPI,Success,
TXN00336,2026-09-01 11:51:00,14261,NetBanking,Success,
TXN00337,2026-09-01 21:58:00,20572,Card,Success,
TXN00338,2026-09-01 08:26:00,20155,NetBanking,Success,
TXN00339,2026-09-01 12:33:00,1148,UPI,Success,
TXN00340,2026-09-01 13:16:00,11335,UPI,Success,
TXN00341,2026-09-01 10:26:00,18757,Card,Failed,Bank timeout
TXN00342,2026-09-01 09:33:00,24648,Card,Success,
TXN00343,2026-09-01 15:44:00,11370,UPI,Success,
TXN00344,2026-09-01 13:32:00,18798,Card,Success,
TXN00345,2026-09-01 10:39:00,5358,Card,Failed,Bank timeout
TXN00346,2026-09-01 12:38:00,14719,Card,Success,
TXN00347,2026-09-01 15:32:00,13771,UPI,Success,
TXN00348,2026-09-01 09:56:00,11510,UPI,Success,
TXN00349,2026-09-01 19:34:00,19635,UPI,Success,
TXN00350,2026-09-01 08:46:00,7425,UPI,Success,
TXN00351,2026-09-01 08:07:00,6898,UPI,Success,
TXN00352,2026-09-01 10:20:00,8572,UPI,Success,
TXN00353,2026-09-01 16:29:00,24678,UPI,Success,
TXN00354,2026-09-01 17:05:00,23257,UPI,Success,
TXN00355,2026-09-01 19:24:00,11805,UPI,Success,
TXN00356,2026-09-01 08:43:00,14494,UPI,Success,
TXN00357,2026-09-01 13:20:00,19066,UPI,Success,
TXN00358,2026-09-01 18:55:00,13886,UPI,Success,
TXN00359,2026-09-01 13:32:00,5831,NetBanking,Success,
TXN00360,2026-09-01 19:46:00,12057,UPI,Success,
TXN00361,2026-09-01 12:09:00,14476,Card,Success,
TXN00362,2026-09-01 14:45:00,10367,Card,Success,
TXN00363,2026-09-01 21:17:00,5709,UPI,Success,
TXN00364,2026-09-01 17:03:00,16910,UPI,Success,
TXN00365,2026-09-01 13:59:00,24034,Wallet,Success,
TXN00366,2026-09-01 10:31:00,7942,UPI,Success,
TXN00367,2026-09-01 10:57:00,19939,UPI,Success,
TXN00368,2026-09-01 09:17:00,6004,Wallet,Success,
TXN00369,2026-09-01 15:55:00,24921,Card,Success,
TXN00370,2026-09-01 19:37:00,18697,Card,Success,
TXN00371,2026-09-01 13:30:00,20752,UPI,Success,
TXN00372,2026-09-01 16:00:00,14690,Card,Success,
TXN00373,2026-09-01 18:05:00,2040,UPI,Failed,Payment declined
TXN00374,2026-09-01 15:42:00,1432,UPI,Success,
TXN00375,2026-09-01 09:18:00,21324,NetBanking,Success,
TXN00376,2026-09-01 18:29:00,19666,Card,Success,
TXN00377,2026-09-01 17:27:00,24412,NetBanking,Success,
TXN00378,2026-09-01 21:49:00,18932,Card,Success,
TXN00379,2026-09-01 16:07:00,16628,UPI,Failed,Bank timeout
TXN00380,2026-09-01 21:50:00,11453,Wallet,Success,
TXN00381,2026-09-01 19:01:00,5854,UPI,Success,
TXN00382,2026-09-01 15:29:00,17372,Card,Success,
TXN00383,2026-09-01 14:21:00,9469,UPI,Success,
TXN00384,2026-09-01 19:35:00,19791,UPI,Success,
TXN00385,2026-09-01 13:42:00,2359,UPI,Success,
TXN00386,2026-09-01 14:35:00,9510,UPI,Success,
TXN00387,2026-09-01 18:17:00,5127,UPI,Success,
TXN00388,2026-09-01 10:24:00,11662,UPI,Success,
TXN00389,2026-09-01 19:18:00,13043,UPI,Success,
TXN00390,2026-09-01 09:26:00,10344,Card,Success,
TXN00391,2026-09-01 13:36:00,4387,Card,Success,
TXN00392,2026-09-01 20:36:00,22659,NetBanking,Success,
TXN00393,2026-09-01 19:26:00,14074,Card,Failed,Network error
TXN00394,2026-09-01 11:04:00,7218,UPI,Success,
TXN00395,2026-09-01 11:16:00,7623,Wallet,Success,
TXN00396,2026-09-01 13:02:00,3514,Card,Success,
TXN00397,2026-09-01 20:36:00,17453,UPI,Failed,Authentication failed
TXN00398,2026-09-01 10:14:00,19770,UPI,Success,
TXN00399,2026-09-01 19:49:00,20671,NetBanking,Success,
TXN00400,2026-09-01 15:28:00,1631,UPI,Success,
TXN00401,2026-09-01 12:03:00,14755,Card,Success,
TXN00402,2026-09-01 21:22:00,14910,UPI,Failed,Payment declined
TXN00403,2026-09-01 11:18:00,12253,Card,Success,
TXN00404,2026-09-01 15:31:00,15328,Card,Success,
TXN00405,2026-09-01 16:34:00,17483,UPI,Success,
TXN00406,2026-09-01 11:24:00,20013,UPI,Success,
TXN00407,2026-09-01 18:56:00,15947,NetBanking,Success,
TXN00408,2026-09-01 09:45:00,23511,NetBanking,Success,
TXN00409,2026-09-01 12:51:00,2948,Card,Success,
TXN00410,2026-09-01 16:45:00,5028,NetBanking,Success,
TXN00411,2026-09-01 11:47:00,14982,NetBanking,Success,
TXN00412,2026-09-01 15:04:00,1945,UPI,Success,
TXN00413,2026-09-01 14:35:00,2874,UPI,Failed,Bank timeout
TXN00414,2026-09-01 20:11:00,21497,UPI,Failed,Bank timeout
TXN00415,2026-09-01 12:53:00,15681,Card,Success,
TXN00416,2026-09-01 20:02:00,15571,UPI,Failed,Bank timeout
TXN00417,2026-09-01 08:19:00,8586,UPI,Success,
TXN00418,2026-09-01 20:24:00,20151,Card,Success,
TXN00419,2026-09-01 12:55:00,7986,UPI,Failed,Payment declined
TXN00420,2026-09-01 18:54:00,20608,UPI,Success,
TXN00421,2026-09-01 16:31:00,19753,Card,Success,
TXN00422,2026-09-01 17:48:00,8127,Card,Success,
TXN00423,2026-09-01 08:01:00,20346,UPI,Success,
TXN00424,2026-09-01 11:11:00,21970,Card,Success,
TXN00425,2026-09-01 14:09:00,2417,Wallet,Success,
TXN00426,2026-09-01 21:25:00,16833,Card,Success,
TXN00427,2026-09-01 16:01:00,1626,Card,Success,
TXN00428,2026-09-01 12:19:00,24688,UPI,Success,
TXN00429,2026-09-01 13:53:00,8101,Card,Success,
TXN00430,2026-09-01 21:10:00,19267,Card,Success,
TXN00431,2026-09-01 08:45:00,11744,Card,Success,
TXN00432,2026-09-01 10:59:00,22635,UPI,Success,
TXN00433,2026-09-01 18:46:00,6172,NetBanking,Failed,Payment declined
TXN00434,2026-09-01 08:37:00,9815,UPI,Success,
TXN00435,2026-09-01 08:42:00,10541,NetBanking,Success,
TXN00436,2026-09-01 21:54:00,17994,UPI,Failed,Insufficient funds
TXN00437,2026-09-01 12:52:00,11897,NetBanking,Failed,Network error
TXN00438,2026-09-01 12:39:00,4278,Card,Success,
TXN00439,2026-09-01 14:49:00,24556,UPI,Success,
TXN00440,2026-09-01 13:47:00,6321,UPI,Success,
TXN00441,2026-09-01 21:36:00,17215,UPI,Failed,Payment declined
TXN00442,2026-09-01 09:20:00,14310,Card,Success,
TXN00443,2026-09-01 17:18:00,9826,UPI,Success,
TXN00444,2026-09-01 19:16:00,9887,UPI,Success,
TXN00445,2026-09-01 15:16:00,5660,Card,Success,
TXN00446,2026-09-01 08:43:00,24016,NetBanking,Success,
TXN00447,2026-09-01 15:25:00,9196,Card,Success,
TXN00448,2026-09-01 08:58:00,2658,Card,Success,
TXN00449,2026-09-01 16:45:00,24772,Card,Success,
TXN00450,2026-09-01 10:26:00,20108,Card,Success,
TXN00451,2026-09-01 10:09:00,2403,UPI,Success,
TXN00452,2026-09-01 14:10:00,12745,NetBanking,Failed,Insufficient funds
TXN00453,2026-09-01 19:35:00,14943,NetBanking,Success,
TXN00454,2026-09-01 21:01:00,2719,Card,Success,
TXN00455,2026-09-01 14:47:00,10501,Card,Success,
TXN00456,2026-09-01 09:56:00,1049,Card,Success,
TXN00457,2026-09-01 14:36:00,18604,UPI,Success,
TXN00458,2026-09-01 20:00:00,14823,UPI,Success,
TXN00459,2026-09-01 19:50:00,16295,UPI,Success,
TXN00460,2026-09-01 09:15:00,15012,UPI,Success,
TXN00461,2026-09-01 09:29:00,22545,Wallet,Success,
TXN00462,2026-09-01 19:23:00,11584,Card,Success,
TXN00463,2026-09-01 12:57:00,10028,NetBanking,Success,
TXN00464,2026-09-01 19:57:00,21096,UPI,Success,
TXN00465,2026-09-01 11:49:00,4176,Wallet,Success,
TXN00466,2026-09-01 12:02:00,16388,UPI,Success,
TXN00467,2026-09-01 14:17:00,15515,NetBanking,Success,
TXN00468,2026-09-01 18:26:00,3025,UPI,Success,
TXN00469,2026-09-01 20:14:00,23755,UPI,Success,
TXN00470,2026-09-01 14:59:00,19038,UPI,Success,
TXN00471,2026-09-01 18:57:00,2630,UPI,Success,
TXN00472,2026-09-01 13:52:00,4405,NetBanking,Success,
TXN00473,2026-09-01 18:55:00,19460,UPI,Success,
TXN00474,2026-09-01 15:23:00,16677,NetBanking,Failed,Bank timeout
TXN00475,2026-09-01 16:50:00,5214,UPI,Success,
TXN00476,2026-09-01 20:06:00,7588,UPI,Success,
TXN00477,2026-09-01 12:50:00,2784,UPI,Success,
TXN00478,2026-09-01 17:24:00,9193,UPI,Success,
TXN00479,2026-09-01 17:06:00,3261,Card,Success,
TXN00480,2026-09-01 17:54:00,5252,UPI,Success,
TXN00481,2026-09-01 18:19:00,11263,NetBanking,Success,
TXN00482,2026-09-01 08:29:00,2861,UPI,Success,
TXN00483,2026-09-01 17:50:00,8872,Card,Success,
TXN00484,2026-09-01 15:06:00,20454,Card,Success,
TXN00485,2026-09-01 18:42:00,18077,UPI,Success,
TXN00486,2026-09-01 16:14:00,8224,NetBanking,Success,
TXN00487,2026-09-01 13:04:00,15061,UPI,Failed,Payment declined
TXN00488,2026-09-01 15:05:00,16067,UPI,Success,
TXN00489,2026-09-01 10:27:00,10442,NetBanking,Success,
TXN00490,2026-09-01 13:53:00,13265,UPI,Success,
TXN00491,2026-09-01 17:35:00,3679,UPI,Success,
TXN00492,2026-09-01 12:33:00,14932,UPI,Success,
TXN00493,2026-09-01 12:57:00,12787,NetBanking,Success,
TXN00494,2026-09-01 10:43:00,10929,NetBanking,Success,
TXN00495,2026-09-01 11:14:00,5421,UPI,Success,
TXN00496,2026-09-01 16:30:00,10310,UPI,Success,
TXN00497,2026-09-01 14:42:00,16762,UPI,Success,
TXN00498,2026-09-01 17:57:00,11763,UPI,Success,
TXN00499,2026-09-01 18:11:00,21638,Card,Success,
TXN00500,2026-09-01 08:08:00,3722,UPI,Success,
TXN00501,2026-09-01 20:24:00,12185,Card,Success,
TXN00502,2026-09-01 14:50:00,1876,Card,Success,
TXN00503,2026-09-01 17:26:00,9656,UPI,Success,
TXN00504,2026-09-01 21:02:00,18217,UPI,Success,
TXN00505,2026-09-01 19:36:00,20222,UPI,Success,
TXN00506,2026-09-01 14:43:00,12428,Card,Success,
TXN00507,2026-09-01 14:14:00,24938,UPI,Success,
TXN00508,2026-09-01 14:51:00,16586,UPI,Failed,Network error
TXN00509,2026-09-01 21:43:00,15723,Card,Success,
TXN00510,2026-09-01 16:47:00,4780,UPI,Success,
TXN00511,2026-09-01 10:46:00,13076,Wallet,Success,
TXN00512,2026-09-01 13:06:00,19655,UPI,Success,
TXN00513,2026-09-01 17:05:00,16251,Card,Success,
TXN00514,2026-09-01 21:55:00,745,UPI,Success,
TXN00515,2026-09-01 15:06:00,19326,UPI,Success,
TXN00516,2026-09-01 19:44:00,20819,UPI,Success,
TXN00517,2026-09-01 19:11:00,19155,Card,Success,
TXN00518,2026-09-01 17:57:00,15943,UPI,Success,
TXN00519,2026-09-01 18:34:00,12658,UPI,Success,
TXN00520,2026-09-01 08:32:00,18961,NetBanking,Success,
TXN00521,2026-09-01 08:19:00,14651,UPI,Success,
TXN00522,2026-09-01 19:47:00,6881,UPI,Success,
TXN00523,2026-09-01 16:02:00,24311,Card,Success,
TXN00524,2026-09-01 16:51:00,6994,Card,Success,
TXN00525,2026-09-01 16:09:00,17418,UPI,Success,
TXN00526,2026-09-01 15:50:00,17669,UPI,Success,
TXN00527,2026-09-01 21:10:00,23823,Card,Success,
TXN00528,2026-09-01 12:30:00,20190,UPI,Success,
TXN00529,2026-09-01 12:45:00,18487,UPI,Success,
TXN00530,2026-09-01 13:04:00,9670,Card,Success,
TXN00531,2026-09-01 16:20:00,10588,UPI,Success,
TXN00532,2026-09-01 21:34:00,23847,UPI,Failed,Authentication failed
TXN00533,2026-09-01 14:28:00,13128,NetBanking,Success,
TXN00534,2026-09-01 21:43:00,4999,UPI,Failed,Bank timeout
TXN00535,2026-09-01 13:54:00,14695,Card,Success,
TXN00536,2026-09-01 11:39:00,6821,NetBanking,Success,
TXN00537,2026-09-01 17:35:00,23012,UPI,Success,
TXN00538,2026-09-01 20:38:00,19429,UPI,Failed,Authentication failed
TXN00539,2026-09-01 11:51:00,21104,UPI,Success,
TXN00540,2026-09-01 13:38:00,23706,UPI,Success,
TXN00541,2026-09-01 10:20:00,369,Wallet,Success,
TXN00542,2026-09-01 10:41:00,13533,Card,Success,
TXN00543,2026-09-01 16:07:00,15845,Card,Success,
TXN00544,2026-09-01 12:54:00,10724,UPI,Failed,Bank timeout
TXN00545,2026-09-01 19:07:00,19013,UPI,Success,
TXN00546,2026-09-01 08:38:00,5936,UPI,Success,
TXN00547,2026-09-01 08:37:00,13208,Card,Success,
TXN00548,2026-09-01 20:46:00,9685,NetBanking,Failed,Authentication failed
TXN00549,2026-09-01 18:17:00,3716,NetBanking,Success,
TXN00550,2026-09-01 15:45:00,21214,Card,Success,
TXN00551,2026-09-01 10:17:00,16722,UPI,Success,
TXN00552,2026-09-01 09:55:00,11035,UPI,Success,
TXN00553,2026-09-01 12:23:00,23747,UPI,Success,
TXN00554,2026-09-01 21:29:00,9867,Card,Success,
TXN00555,2026-09-01 10:59:00,20219,NetBanking,Success,
TXN00556,2026-09-01 15:17:00,17084,UPI,Success,
TXN00557,2026-09-01 09:37:00,6254,Wallet,Success,
TXN00558,2026-09-01 12:14:00,423,UPI,Success,
TXN00559,2026-09-01 20:51:00,8948,Wallet,Success,
TXN00560,2026-09-01 20:20:00,18972,UPI,Success,
TXN00561,2026-09-01 19:49:00,7943,UPI,Success,
TXN00562,2026-09-01 13:14:00,5433,UPI,Success,
TXN00563,2026-09-01 20:00:00,10390,Card,Success,
TXN00564,2026-09-01 13:02:00,12243,Card,Success,
TXN00565,2026-09-01 10:16:00,15869,UPI,Success,
TXN00566,2026-09-01 18:20:00,12442,UPI,Success,
TXN00567,2026-09-01 16:02:00,17813,NetBanking,Success,
TXN00568,2026-09-01 21:00:00,8308,Card,Success,
TXN00569,2026-09-01 21:26:00,2882,Card,Success,
TXN00570,2026-09-01 14:10:00,2759,NetBanking,Success,
TXN00571,2026-09-01 17:20:00,16763,UPI,Success,
TXN00572,2026-09-01 10:48:00,10951,NetBanking,Success,
TXN00573,2026-09-01 19:36:00,6930,Card,Success,
TXN00574,2026-09-01 16:42:00,14797,NetBanking,Success,
TXN00575,2026-09-01 16:45:00,13812,UPI,Failed,Payment declined
TXN00576,2026-09-01 19:28:00,10298,Card,Success,
TXN00577,2026-09-01 21:56:00,298,Card,Success,
TXN00578,2026-09-01 08:46:00,14083,UPI,Failed,Bank timeout
TXN00579,2026-09-01 09:10:00,15668,UPI,Success,
TXN00580,2026-09-01 21:07:00,4637,Card,Success,
TXN00581,2026-09-01 19:01:00,13974,UPI,Success,
TXN00582,2026-09-01 15:39:00,12569,UPI,Success,
TXN00583,2026-09-01 19:17:00,17871,UPI,Success,
TXN00584,2026-09-01 10:01:00,6048,Wallet,Success,
TXN00585,2026-09-01 10:10:00,24050,Wallet,Success,
TXN00586,2026-09-01 20:54:00,944,Wallet,Success,
TXN00587,2026-09-01 20:16:00,18040,UPI,Failed,Insufficient funds
TXN00588,2026-09-01 12:13:00,15293,UPI,Success,
TXN00589,2026-09-01 20:22:00,3897,UPI,Success,
TXN00590,2026-09-01 18:29:00,712,UPI,Failed,Authentication failed
TXN00591,2026-09-01 08:34:00,14828,Card,Success,
TXN00592,2026-09-01 08:49:00,8219,Card,Success,
TXN00593,2026-09-01 11:59:00,17886,UPI,Success,
TXN00594,2026-09-01 08:57:00,4791,Card,Success,
TXN00595,2026-09-01 21:55:00,24170,Card,Success,
TXN00596,2026-09-01 21:11:00,22237,NetBanking,Success,
TXN00597,2026-09-01 10:26:00,21833,Card,Success,
TXN00598,2026-09-01 12:41:00,2197,Card,Success,
TXN00599,2026-09-01 20:32:00,5938,Card,Success,
TXN00600,2026-09-01 16:27:00,1736,Wallet,Success,
TXN00601,2026-09-01 19:27:00,12689,Card,Success,
TXN00602,2026-09-01 15:06:00,13577,UPI,Success,
TXN00603,2026-09-01 20:52:00,17826,UPI,Success,
TXN00604,2026-09-01 13:07:00,23385,UPI,Success,
TXN00605,2026-09-01 08:59:00,18628,UPI,Success,
TXN00606,2026-09-01 17:02:00,4593,UPI,Success,
TXN00607,2026-09-01 13:38:00,21391,UPI,Success,
TXN00608,2026-09-01 14:19:00,3229,Card,Success,
TXN00609,2026-09-01 08:52:00,8996,UPI,Success,
TXN00610,2026-09-01 08:40:00,2584,UPI,Success,
TXN00611,2026-09-01 20:21:00,22202,Card,Success,
TXN00612,2026-09-01 13:40:00,10134,Wallet,Failed,Insufficient funds
TXN00613,2026-09-01 20:39:00,4044,Card,Success,
TXN00614,2026-09-01 12:08:00,22994,Card,Success,
TXN00615,2026-09-01 12:05:00,18290,UPI,Success,
TXN00616,2026-09-01 15:57:00,17686,Card,Success,
TXN00617,2026-09-01 14:08:00,17003,NetBanking,Success,
TXN00618,2026-09-01 21:42:00,23872,UPI,Success,
TXN00619,2026-09-01 11:28:00,12347,UPI,Failed,Insufficient funds
TXN00620,2026-09-01 20:39:00,4981,UPI,Success,
TXN00621,2026-09-01 17:58:00,19177,Card,Success,
TXN00622,2026-09-01 11:20:00,11009,UPI,Success,
TXN00623,2026-09-01 12:11:00,16561,Card,Success,
TXN00624,2026-09-01 13:45:00,8632,Card,Success,
TXN00625,2026-09-01 20:20:00,21227,Card,Success,
TXN00626,2026-09-01 20:30:00,11740,UPI,Success,
TXN00627,2026-09-01 16:20:00,6230,NetBanking,Success,
TXN00628,2026-09-01 18:57:00,2124,Card,Success,
TXN00629,2026-09-01 09:16:00,22096,UPI,Failed,Insufficient funds
TXN00630,2026-09-01 18:45:00,7783,UPI,Success,
TXN00631,2026-09-01 11:43:00,16771,UPI,Failed,Authentication failed
TXN00632,2026-09-01 16:14:00,21803,UPI,Failed,Authentication failed
TXN00633,2026-09-01 15:01:00,588,UPI,Success,
TXN00634,2026-09-01 17:08:00,9594,UPI,Success,
TXN00635,2026-09-01 19:30:00,14309,NetBanking,Success,
TXN00636,2026-09-01 09:49:00,3356,Card,Success,
TXN00637,2026-09-01 18:34:00,17450,UPI,Success,
TXN00638,2026-09-01 21:34:00,13205,UPI,Success,
TXN00639,2026-09-01 15:50:00,18713,UPI,Success,
TXN00640,2026-09-01 13:07:00,22614,NetBanking,Success,
TXN00641,2026-09-01 19:05:00,1238,UPI,Success,
TXN00642,2026-09-01 17:25:00,15797,UPI,Failed,Insufficient funds
TXN00643,2026-09-01 09:24:00,16579,NetBanking,Success,
TXN00644,2026-09-01 13:39:00,18741,Wallet,Success,
TXN00645,2026-09-01 17:00:00,1594,UPI,Success,
TXN00646,2026-09-01 19:48:00,18772,UPI,Failed,Bank timeout
TXN00647,2026-09-01 19:40:00,9387,NetBanking,Success,
TXN00648,2026-09-01 08:33:00,6077,NetBanking,Success,
TXN00649,2026-09-01 11:32:00,19435,UPI,Success,
TXN00650,2026-09-01 22:00:00,13251,NetBanking,Success,
TXN00651,2026-09-01 17:37:00,8079,Card,Success,
TXN00652,2026-09-01 19:33:00,17913,UPI,Success,
TXN00653,2026-09-01 10:23:00,22787,Card,Success,
TXN00654,2026-09-01 13:54:00,1959,UPI,Success,
TXN00655,2026-09-01 09:17:00,11360,Card,Success,
TXN00656,2026-09-01 18:09:00,13199,Wallet,Success,
TXN00657,2026-09-01 18:49:00,9156,Card,Success,
TXN00658,2026-09-01 11:53:00,11859,Card,Success,
TXN00659,2026-09-01 11:10:00,22472,Card,Success,
TXN00660,2026-09-01 21:10:00,20470,UPI,Failed,Bank timeout
TXN00661,2026-09-01 09:24:00,8980,UPI,Success,
TXN00662,2026-09-01 18:49:00,5255,Card,Success,
TXN00663,2026-09-01 09:49:00,3198,UPI,Success,
TXN00664,2026-09-01 14:08:00,9039,UPI,Success,
TXN00665,2026-09-01 15:21:00,14907,Card,Success,
TXN00666,2026-09-01 09:45:00,1060,UPI,Success,
TXN00667,2026-09-01 18:11:00,19796,Card,Success,
TXN00668,2026-09-01 08:12:00,9763,UPI,Success,
TXN00669,2026-09-01 20:22:00,18534,NetBanking,Success,
TXN00670,2026-09-01 17:45:00,17275,UPI,Success,
TXN00671,2026-09-01 10:22:00,9011,UPI,Success,
TXN00672,2026-09-01 09:04:00,5679,UPI,Success,
TXN00673,2026-09-01 16:15:00,2720,UPI,Success,
TXN00674,2026-09-01 20:18:00,20681,UPI,Success,
TXN00675,2026-09-01 15:48:00,3705,UPI,Failed,Payment declined
TXN00676,2026-09-01 13:40:00,20522,UPI,Success,
TXN00677,2026-09-01 15:30:00,11168,UPI,Success,
TXN00678,2026-09-01 19:06:00,19677,UPI,Success,
TXN00679,2026-09-01 19:51:00,6781,UPI,Success,
TXN00680,2026-09-01 14:47:00,10657,UPI,Success,
TXN00681,2026-09-01 16:22:00,19070,Card,Success,
TXN00682,2026-09-01 12:47:00,13075,UPI,Success,
TXN00683,2026-09-01 11:24:00,19606,Wallet,Success,
TXN00684,2026-09-01 21:06:00,18225,UPI,Success,
TXN00685,2026-09-01 20:05:00,7069,UPI,Failed,Bank timeout
TXN00686,2026-09-01 21:58:00,13606,Card,Success,
TXN00687,2026-09-01 13:10:00,8130,UPI,Success,
TXN00688,2026-09-01 15:13:00,12553,UPI,Success,
TXN00689,2026-09-01 16:10:00,19278,UPI,Success,
TXN00690,2026-09-01 19:48:00,13906,Card,Success,
TXN00691,2026-09-01 14:08:00,23191,NetBanking,Success,
TXN00692,2026-09-01 18:53:00,2984,UPI,Success,
TXN00693,2026-09-01 19:20:00,11832,UPI,Success,
TXN00694,2026-09-01 17:36:00,21336,Card,Success,
TXN00695,2026-09-01 20:50:00,11065,Wallet,Success,
TXN00696,2026-09-01 08:10:00,3431,UPI,Success,
TXN00697,2026-09-01 16:51:00,18484,Card,Success,
TXN00698,2026-09-01 15:36:00,12459,UPI,Success,
TXN00699,2026-09-01 18:02:00,22824,Card,Success,
TXN00700,2026-09-01 08:25:00,16019,UPI,Success,
TXN00701,2026-09-01 09:27:00,4003,NetBanking,Success,
TXN00702,2026-09-01 13:56:00,10420,UPI,Success,
TXN00703,2026-09-01 16:53:00,16024,UPI,Success,
TXN00704,2026-09-01 20:19:00,23031,UPI,Failed,Bank timeout
TXN00705,2026-09-01 21:49:00,23490,UPI,Success,
TXN00706,2026-09-01 19:03:00,3783,Card,Success,
TXN00707,2026-09-01 20:38:00,8192,Card,Success,
TXN00708,2026-09-01 13:38:00,18545,UPI,Success,
TXN00709,2026-09-01 21:36:00,13472,Card,Success,
TXN00710,2026-09-01 19:13:00,14360,UPI,Success,
TXN00711,2026-09-01 11:22:00,14931,Card,Success,
TXN00712,2026-09-01 20:01:00,7238,UPI,Success,
TXN00713,2026-09-01 21:48:00,2250,Card,Success,
TXN00714,2026-09-01 17:09:00,6326,UPI,Success,
TXN00715,2026-09-01 09:56:00,8796,Card,Success,
TXN00716,2026-09-01 18:54:00,10469,Card,Success,
TXN00717,2026-09-01 18:01:00,3943,UPI,Success,
TXN00718,2026-09-01 18:32:00,5853,NetBanking,Success,
TXN00719,2026-09-01 13:04:00,20335,Card,Success,
TXN00720,2026-09-01 13:20:00,4062,UPI,Success,
TXN00721,2026-09-01 14:22:00,22922,UPI,Success,
TXN00722,2026-09-01 18:10:00,4717,Card,Success,
TXN00723,2026-09-01 16:18:00,21024,Card,Success,
TXN00724,2026-09-01 10:57:00,18383,UPI,Success,
TXN00725,2026-09-01 11:11:00,10508,NetBanking,Success,
TXN00726,2026-09-01 14:07:00,514,UPI,Success,
TXN00727,2026-09-01 14:33:00,18601,Card,Success,
TXN00728,2026-09-01 19:41:00,16312,UPI,Success,
TXN00729,2026-09-01 16:20:00,5680,UPI,Failed,Insufficient funds
TXN00730,2026-09-01 12:59:00,1271,UPI,Success,
TXN00731,2026-09-01 10:52:00,15185,Card,Success,
TXN00732,2026-09-01 16:27:00,18213,Card,Success,
TXN00733,2026-09-01 12:34:00,17996,NetBanking,Success,
TXN00734,2026-09-01 20:54:00,1563,Card,Success,
TXN00735,2026-09-01 11:43:00,14131,UPI,Success,
TXN00736,2026-09-01 20:49:00,8311,UPI,Success,
TXN00737,2026-09-01 15:40:00,8811,UPI,Success,
TXN00738,2026-09-01 15:29:00,4046,Card,Success,
TXN00739,2026-09-01 21:50:00,24370,Card,Success,
TXN00740,2026-09-01 20:07:00,20197,Card,Success,
TXN00741,2026-09-01 10:22:00,6970,NetBanking,Success,
TXN00742,2026-09-01 17:43:00,11695,Card,Success,
TXN00743,2026-09-01 10:52:00,10805,Wallet,Success,
TXN00744,2026-09-01 17:46:00,8960,Wallet,Success,
TXN00745,2026-09-01 19:35:00,3320,UPI,Success,
TXN00746,2026-09-01 15:01:00,2142,Wallet,Success,
TXN00747,2026-09-01 10:09:00,23184,NetBanking,Success,
TXN00748,2026-09-01 20:08:00,10754,NetBanking,Success,
TXN00749,2026-09-01 19:32:00,13068,UPI,Success,
TXN00750,2026-09-01 12:35:00,20772,UPI,Success,
TXN00751,2026-09-01 18:48:00,3250,UPI,Success,
TXN00752,2026-09-01 19:51:00,12293,UPI,Success,
TXN00753,2026-09-01 17:55:00,281,NetBanking,Success,
TXN00754,2026-09-01 09:35:00,24151,Wallet,Success,
TXN00755,2026-09-01 19:54:00,11938,NetBanking,Success,
TXN00756,2026-09-01 14:47:00,7337,Wallet,Success,
TXN00757,2026-09-01 16:26:00,8999,UPI,Success,
TXN00758,2026-09-01 17:20:00,19137,UPI,Success,
TXN00759,2026-09-01 21:27:00,11463,NetBanking,Success,
TXN00760,2026-09-01 08:47:00,3462,Card,Success,
TXN00761,2026-09-01 08:16:00,4271,NetBanking,Success,
TXN00762,2026-09-01 15:47:00,222,Wallet,Success,
TXN00763,2026-09-01 19:45:00,4522,NetBanking,Success,
TXN00764,2026-09-01 12:40:00,3258,Card,Success,
TXN00765,2026-09-01 14:20:00,21974,NetBanking,Success,
TXN00766,2026-09-01 14:45:00,20699,UPI,Success,
TXN00767,2026-09-01 11:59:00,14265,Card,Success,
TXN00768,2026-09-01 08:01:00,7193,UPI,Success,
TXN00769,2026-09-01 11:51:00,17221,Card,Failed,Network error
TXN00770,2026-09-01 21:56:00,4151,Wallet,Success,
TXN00771,2026-09-01 10:15:00,15853,UPI,Success,
TXN00772,2026-09-01 20:28:00,3556,UPI,Failed,Network error
TXN00773,2026-09-01 10:20:00,12741,Card,Success,
TXN00774,2026-09-01 10:16:00,21223,Wallet,Success,
TXN00775,2026-09-01 17:03:00,18657,UPI,Success,
TXN00776,2026-09-01 15:30:00,11707,Card,Success,
TXN00777,2026-09-01 10:35:00,13690,Card,Success,
TXN00778,2026-09-01 11:42:00,3040,NetBanking,Success,
TXN00779,2026-09-01 10:06:00,19519,Card,Success,
TXN00780,2026-09-01 15:19:00,10505,Card,Success,
TXN00781,2026-09-01 19:00:00,2960,UPI,Success,
TXN00782,2026-09-01 20:18:00,20109,UPI,Success,
TXN00783,2026-09-01 08:27:00,21774,NetBanking,Success,
TXN00784,2026-09-01 18:21:00,16896,UPI,Success,
TXN00785,2026-09-01 19:01:00,1988,Card,Success,
TXN00786,2026-09-01 12:05:00,16416,UPI,Success,
TXN00787,2026-09-01 18:53:00,19661,UPI,Success,
TXN00788,2026-09-01 08:12:00,12032,NetBanking,Success,
TXN00789,2026-09-01 17:42:00,13990,UPI,Success,
TXN00790,2026-09-01 21:01:00,15634,Wallet,Success,
TXN00791,2026-09-01 08:17:00,19446,UPI,Success,
TXN00792,2026-09-01 08:40:00,2181,NetBanking,Success,
TXN00793,2026-09-01 12:53:00,20797,Card,Success,
TXN00794,2026-09-01 15:13:00,23196,UPI,Success,
TXN00795,2026-09-01 17:10:00,20386,UPI,Success,
TXN00796,2026-09-01 09:20:00,16954,NetBanking,Success,
TXN00797,2026-09-01 10:39:00,17776,UPI,Success,
TXN00798,2026-09-01 21:01:00,21493,Card,Failed,Payment declined
TXN00799,2026-09-01 20:27:00,8019,UPI,Failed,Payment declined
TXN00800,2026-09-01 09:58:00,15056,Card,Failed,Insufficient funds
TXN00801,2026-09-01 10:02:00,615,Card,Success,
TXN00802,2026-09-01 10:47:00,16466,Wallet,Success,
TXN00803,2026-09-01 21:21:00,23818,UPI,Failed,Network error
TXN00804,2026-09-01 20:30:00,4068,Card,Failed,Payment declined
TXN00805,2026-09-01 12:38:00,17365,UPI,Success,
TXN00806,2026-09-01 17:50:00,20762,UPI,Success,
TXN00807,2026-09-01 14:08:00,2016,UPI,Success,
TXN00808,2026-09-01 14:16:00,5354,UPI,Success,
TXN00809,2026-09-01 17:47:00,22289,Card,Success,
TXN00810,2026-09-01 16:41:00,284,UPI,Success,
TXN00811,2026-09-01 12:10:00,1706,UPI,Success,
TXN00812,2026-09-01 10:33:00,6064,NetBanking,Success,
TXN00813,2026-09-01 17:26:00,23597,Card,Success,
TXN00814,2026-09-01 13:29:00,8335,UPI,Success,
TXN00815,2026-09-01 12:37:00,2752,Card,Success,
TXN00816,2026-09-01 19:29:00,1925,UPI,Success,
TXN00817,2026-09-01 08:47:00,13337,UPI,Success,
TXN00818,2026-09-01 12:49:00,10380,UPI,Success,
TXN00819,2026-09-01 08:08:00,12288,UPI,Success,
TXN00820,2026-09-01 13:11:00,24434,Card,Success,
TXN00821,2026-09-01 18:05:00,16366,Wallet,Success,
TXN00822,2026-09-01 20:30:00,18109,Card,Success,
TXN00823,2026-09-01 08:06:00,13636,UPI,Success,
TXN00824,2026-09-01 18:51:00,22923,NetBanking,Success,
TXN00825,2026-09-01 08:01:00,21738,UPI,Success,
TXN00826,2026-09-01 13:14:00,3606,UPI,Success,
TXN00827,2026-09-01 15:09:00,16322,Wallet,Success,
TXN00828,2026-09-01 10:25:00,23519,UPI,Failed,Insufficient funds
TXN00829,2026-09-01 16:52:00,13735,Card,Success,
TXN00830,2026-09-01 20:45:00,2982,Card,Success,
TXN00831,2026-09-01 18:52:00,13122,UPI,Success,
TXN00832,2026-09-01 15:25:00,21906,Wallet,Success,
TXN00833,2026-09-01 12:27:00,10522,NetBanking,Success,
TXN00834,2026-09-01 20:33:00,10890,UPI,Failed,Bank timeout
TXN00835,2026-09-01 11:27:00,4660,Card,Success,
TXN00836,2026-09-01 10:39:00,3662,UPI,Success,
TXN00837,2026-09-01 14:56:00,4156,Card,Success,
TXN00838,2026-09-01 11:32:00,15008,UPI,Success,
TXN00839,2026-09-01 10:02:00,3162,UPI,Success,
TXN00840,2026-09-01 20:01:00,23035,Card,Success,
TXN00841,2026-09-01 13:35:00,5060,UPI,Success,
TXN00842,2026-09-01 14:04:00,13184,Card,Success,
TXN00843,2026-09-01 12:26:00,5897,UPI,Success,
TXN00844,2026-09-01 15:43:00,18417,Card,Success,
TXN00845,2026-09-01 15:53:00,3539,NetBanking,Success,
TXN00846,2026-09-01 08:12:00,2220,NetBanking,Success,
TXN00847,2026-09-01 10:13:00,6692,NetBanking,Success,
TXN00848,2026-09-01 18:45:00,21325,UPI,Success,
TXN00849,2026-09-01 21:52:00,2657,UPI,Failed,Payment declined
TXN00850,2026-09-01 21:48:00,4420,UPI,Success,
TXN00851,2026-09-01 21:48:00,11064,UPI,Success,
TXN00852,2026-09-01 08:51:00,5704,NetBanking,Success,
TXN00853,2026-09-01 20:21:00,13143,UPI,Success,
TXN00854,2026-09-01 15:16:00,5862,UPI,Success,
TXN00855,2026-09-01 12:41:00,9370,UPI,Success,
TXN00856,2026-09-01 18:28:00,20489,Card,Success,
TXN00857,2026-09-01 16:30:00,13700,NetBanking,Success,
TXN00858,2026-09-01 09:29:00,9367,UPI,Success,
TXN00859,2026-09-01 18:58:00,17429,UPI,Success,
TXN00860,2026-09-01 17:16:00,839,Wallet,Success,
TXN00861,2026-09-01 14:07:00,15918,Card,Success,
TXN00862,2026-09-01 17:39:00,16662,UPI,Success,
TXN00863,2026-09-01 08:26:00,10648,Card,Failed,Network error
TXN00864,2026-09-01 08:59:00,15656,Card,Success,
TXN00865,2026-09-01 11:58:00,5430,UPI,Success,
TXN00866,2026-09-01 12:32:00,17687,NetBanking,Success,
TXN00867,2026-09-01 08:57:00,7389,Card,Success,
TXN00868,2026-09-01 14:37:00,11826,NetBanking,Success,
TXN00869,2026-09-01 10:57:00,5970,UPI,Success,
TXN00870,2026-09-01 20:35:00,23059,UPI,Success,
TXN00871,2026-09-01 20:00:00,23155,UPI,Success,
TXN00872,2026-09-01 10:25:00,18651,NetBanking,Success,
TXN00873,2026-09-01 21:49:00,16329,Card,Success,
TXN00874,2026-09-01 08:38:00,3157,UPI,Success,
TXN00875,2026-09-01 08:20:00,17450,UPI,Success,
TXN00876,2026-09-01 18:28:00,6801,NetBanking,Success,
TXN00877,2026-09-01 11:01:00,10803,UPI,Success,
TXN00878,2026-09-01 20:01:00,4841,Card,Success,
TXN00879,2026-09-01 14:13:00,2576,UPI,Success,
TXN00880,2026-09-01 14:45:00,19402,UPI,Success,
TXN00881,2026-09-01 10:19:00,5361,Card,Success,
TXN00882,2026-09-01 18:54:00,16164,Card,Success,
TXN00883,2026-09-01 17:35:00,22926,NetBanking,Success,
TXN00884,2026-09-01 14:05:00,7515,Card,Success,
TXN00885,2026-09-01 14:27:00,10253,Card,Success,
TXN00886,2026-09-01 11:01:00,24082,UPI,Success,
TXN00887,2026-09-01 17:46:00,13031,NetBanking,Success,
TXN00888,2026-09-01 17:41:00,1261,UPI,Success,
TXN00889,2026-09-01 21:48:00,20233,UPI,Success,
TXN00890,2026-09-01 16:28:00,4808,UPI,Failed,Network error
TXN00891,2026-09-01 13:27:00,5701,Card,Success,
TXN00892,2026-09-01 20:05:00,22155,Card,Success,
TXN00893,2026-09-01 15:37:00,573,UPI,Success,
TXN00894,2026-09-01 09:09:00,11684,UPI,Success,
TXN00895,2026-09-01 08:01:00,1777,UPI,Success,
TXN00896,2026-09-01 10:50:00,13766,UPI,Success,
TXN00897,2026-09-01 17:19:00,12499,UPI,Success,
TXN00898,2026-09-01 17:51:00,21530,Card,Success,
TXN00899,2026-09-01 15:42:00,2615,Card,Failed,Bank timeout
TXN00900,2026-09-01 13:26:00,8756,Wallet,Failed,Insufficient funds
TXN00901,2026-09-01 14:24:00,5472,Card,Success,
TXN00902,2026-09-01 09:35:00,11273,Card,Success,
TXN00903,2026-09-01 16:14:00,23285,UPI,Success,
TXN00904,2026-09-01 10:48:00,20100,NetBanking,Success,
TXN00905,2026-09-01 09:43:00,11049,UPI,Success,
TXN00906,2026-09-01 19:53:00,18357,Card,Success,
TXN00907,2026-09-01 12:31:00,21846,UPI,Success,
TXN00908,2026-09-01 08:50:00,13074,Card,Success,
TXN00909,2026-09-01 10:37:00,1986,UPI,Success,
TXN00910,2026-09-01 13:01:00,21893,Card,Success,
TXN00911,2026-09-01 09:39:00,1043,UPI,Success,
TXN00912,2026-09-01 09:23:00,15717,NetBanking,Success,
TXN00913,2026-09-01 14:47:00,15631,UPI,Success,
TXN00914,2026-09-01 09:33:00,21232,Card,Success,
TXN00915,2026-09-01 14:30:00,12304,UPI,Failed,Payment declined
TXN00916,2026-09-01 15:56:00,8831,UPI,Success,
TXN00917,2026-09-01 09:03:00,5152,Card,Success,
TXN00918,2026-09-01 09:27:00,22093,UPI,Success,
TXN00919,2026-09-01 20:54:00,19524,UPI,Failed,Payment declined
TXN00920,2026-09-01 21:58:00,17323,UPI,Success,
TXN00921,2026-09-01 16:06:00,18966,NetBanking,Success,
TXN00922,2026-09-01 09:20:00,13136,NetBanking,Success,
TXN00923,2026-09-01 16:34:00,18917,NetBanking,Success,
TXN00924,2026-09-01 19:33:00,20525,UPI,Success,
TXN00925,2026-09-01 15:39:00,5864,NetBanking,Success,
TXN00926,2026-09-01 11:36:00,6515,UPI,Success,
TXN00927,2026-09-01 19:39:00,14466,UPI,Success,
TXN00928,2026-09-01 10:31:00,19698,UPI,Success,
TXN00929,2026-09-01 21:46:00,2395,UPI,Success,
TXN00930,2026-09-01 17:25:00,10886,NetBanking,Success,
TXN00931,2026-09-01 08:12:00,23151,Card,Success,
TXN00932,2026-09-01 15:09:00,3887,UPI,Success,
TXN00933,2026-09-01 18:02:00,19293,Card,Success,
TXN00934,2026-09-01 09:48:00,18638,Card,Success,
TXN00935,2026-09-01 17:08:00,11467,NetBanking,Success,
TXN00936,2026-09-01 19:10:00,16111,Card,Success,
TXN00937,2026-09-01 10:56:00,9224,UPI,Success,
TXN00938,2026-09-01 19:37:00,22929,UPI,Success,
TXN00939,2026-09-01 13:39:00,22826,UPI,Success,
TXN00940,2026-09-01 12:35:00,12404,UPI,Success,
TXN00941,2026-09-01 13:10:00,10389,UPI,Success,
TXN00942,2026-09-01 19:52:00,22641,UPI,Success,
TXN00943,2026-09-01 10:17:00,10046,Wallet,Success,
TXN00944,2026-09-01 13:28:00,9028,Card,Success,
TXN00945,2026-09-01 09:31:00,6358,UPI,Success,
TXN00946,2026-09-01 14:56:00,24479,UPI,Success,
TXN00947,2026-09-01 14:22:00,2041,Card,Success,
TXN00948,2026-09-01 13:18:00,23451,Card,Success,
TXN00949,2026-09-01 16:56:00,18834,UPI,Success,
TXN00950,2026-09-01 11:25:00,2088,UPI,Success,
TXN00951,2026-09-01 14:09:00,23289,UPI,Success,
TXN00952,2026-09-01 15:55:00,16751,UPI,Success,
TXN00953,2026-09-01 19:37:00,1201,UPI,Success,
TXN00954,2026-09-01 15:36:00,6019,Wallet,Success,
TXN00955,2026-09-01 17:24:00,11660,UPI,Success,
TXN00956,2026-09-01 12:24:00,24741,NetBanking,Success,
TXN00957,2026-09-01 08:28:00,12866,UPI,Success,
TXN00958,2026-09-01 21:18:00,7222,NetBanking,Success,
TXN00959,2026-09-01 19:33:00,6974,UPI,Success,
TXN00960,2026-09-01 08:20:00,22554,UPI,Success,
TXN00961,2026-09-01 19:02:00,5875,Card,Failed,Network error
TXN00962,2026-09-01 18:22:00,10209,Card,Success,
TXN00963,2026-09-01 12:41:00,14087,NetBanking,Success,
TXN00964,2026-09-01 15:50:00,8457,UPI,Success,
TXN00965,2026-09-01 16:53:00,20634,UPI,Success,
TXN00966,2026-09-01 16:43:00,21904,Wallet,Success,
TXN00967,2026-09-01 17:34:00,21412,Card,Success,
TXN00968,2026-09-01 19:40:00,3742,UPI,Success,
TXN00969,2026-09-01 12:43:00,21191,UPI,Success,
TXN00970,2026-09-01 19:11:00,23501,Wallet,Success,
TXN00971,2026-09-01 11:12:00,5112,Card,Success,
TXN00972,2026-09-01 08:58:00,19861,UPI,Success,
TXN00973,2026-09-01 10:23:00,23835,UPI,Success,
TXN00974,2026-09-01 13:02:00,8700,NetBanking,Success,
TXN00975,2026-09-01 20:34:00,1357,Card,Success,
TXN00976,2026-09-01 21:55:00,6423,UPI,Success,
TXN00977,2026-09-01 19:42:00,17718,Card,Success,
TXN00978,2026-09-01 19:27:00,11947,Card,Success,
TXN00979,2026-09-01 19:13:00,18492,UPI,Success,
TXN00980,2026-09-01 10:11:00,24478,UPI,Success,
TXN00981,2026-09-01 21:01:00,6198,NetBanking,Success,
TXN00982,2026-09-01 19:10:00,3126,UPI,Success,
TXN00983,2026-09-01 13:14:00,13978,Card,Success,
TXN00984,2026-09-01 12:26:00,19387,UPI,Success,
TXN00985,2026-09-01 16:01:00,1958,NetBanking,Success,
TXN00986,2026-09-01 18:35:00,2533,UPI,Success,
TXN00987,2026-09-01 10:02:00,22505,UPI,Success,
TXN00988,2026-09-01 08:55:00,5140,UPI,Success,
TXN00989,2026-09-01 14:59:00,18858,NetBanking,Success,
TXN00990,2026-09-01 10:26:00,10567,NetBanking,Success,
TXN00991,2026-09-01 09:22:00,16177,UPI,Success,
TXN00992,2026-09-01 13:20:00,20991,UPI,Success,
TXN00993,2026-09-01 11:34:00,5724,Card,Success,
TXN00994,2026-09-01 21:24:00,3084,UPI,Success,
TXN00995,2026-09-01 15:19:00,13418,UPI,Success,
TXN00996,2026-09-01 08:04:00,1436,Card,Success,
TXN00997,2026-09-01 08:14:00,10758,Card,Success,
TXN00998,2026-09-01 08:18:00,22375,UPI,Success,
TXN00999,2026-09-01 11:51:00,22925,NetBanking,Success,
TXN01000,2026-09-01 09:45:00,12768,Card,Success,
TXN01001,2026-09-01 09:06:00,1698,UPI,Success,
TXN01002,2026-09-01 20:25:00,17248,Card,Success,
TXN01003,2026-09-01 19:43:00,4584,UPI,Success,
TXN01004,2026-09-01 14:07:00,24779,UPI,Success,
TXN01005,2026-09-01 21:51:00,13418,UPI,Failed,Insufficient funds
TXN01006,2026-09-01 11:36:00,24254,UPI,Success,
TXN01007,2026-09-01 10:06:00,12212,Card,Success,
TXN01008,2026-09-01 14:24:00,21182,UPI,Success,
TXN01009,2026-09-01 08:49:00,19661,Wallet,Success,
TXN01010,2026-09-01 19:09:00,846,UPI,Success,
TXN01011,2026-09-01 15:34:00,12660,UPI,Success,
TXN01012,2026-09-01 19:58:00,5217,UPI,Success,
TXN01013,2026-09-01 08:09:00,10066,UPI,Success,
TXN01014,2026-09-01 16:52:00,9046,Card,Success,
TXN01015,2026-09-01 15:08:00,3637,Card,Success,
TXN01016,2026-09-01 12:49:00,3935,Card,Success,
TXN01017,2026-09-01 18:23:00,6745,Card,Success,
TXN01018,2026-09-01 11:26:00,11928,Card,Success,
TXN01019,2026-09-01 08:40:00,18161,UPI,Success,
TXN01020,2026-09-01 16:12:00,11033,UPI,Failed,Bank timeout
TXN01021,2026-09-01 09:53:00,19013,Card,Success,
TXN01022,2026-09-01 09:32:00,16967,UPI,Success,
TXN01023,2026-09-01 12:22:00,21313,UPI,Success,
TXN01024,2026-09-01 13:03:00,8854,UPI,Success,
TXN01025,2026-09-01 10:58:00,1492,NetBanking,Success,
TXN01026,2026-09-01 19:33:00,10446,UPI,Success,
TXN01027,2026-09-01 20:56:00,1703,UPI,Failed,Insufficient funds
TXN01028,2026-09-01 13:36:00,11915,NetBanking,Success,
TXN01029,2026-09-01 12:34:00,24221,UPI,Success,
TXN01030,2026-09-01 11:07:00,3930,UPI,Success,
TXN01031,2026-09-01 12:38:00,12839,Card,Success,
TXN01032,2026-09-01 15:11:00,21461,NetBanking,Success,
TXN01033,2026-09-01 10:15:00,23012,Card,Success,
TXN01034,2026-09-01 10:43:00,3598,UPI,Success,
TXN01035,2026-09-01 21:41:00,18843,Card,Success,
TXN01036,2026-09-01 14:28:00,11950,Card,Success,
TXN01037,2026-09-01 20:24:00,4481,UPI,Success,
TXN01038,2026-09-01 15:01:00,14640,UPI,Success,
TXN01039,2026-09-01 13:21:00,605,Card,Success,
TXN01040,2026-09-01 21:05:00,24567,Card,Success,
TXN01041,2026-09-01 19:25:00,11285,Card,Success,
TXN01042,2026-09-01 18:33:00,3320,UPI,Success,
TXN01043,2026-09-01 16:13:00,11529,Card,Success,
TXN01044,2026-09-01 10:32:00,18495,NetBanking,Success,
TXN01045,2026-09-01 08:11:00,21282,NetBanking,Success,
TXN01046,2026-09-01 16:00:00,16447,NetBanking,Failed,Payment declined
TXN01047,2026-09-01 13:28:00,8093,UPI,Success,
TXN01048,2026-09-01 16:39:00,7497,Card,Success,
TXN01049,2026-09-01 21:56:00,7900,UPI,Success,
TXN01050,2026-09-01 17:46:00,14883,UPI,Success,
TXN01051,2026-09-01 13:23:00,4089,Wallet,Success,
TXN01052,2026-09-01 08:18:00,3563,UPI,Failed,Authentication failed
TXN01053,2026-09-01 08:00:00,3178,Card,Success,
TXN01054,2026-09-01 18:52:00,10181,NetBanking,Success,
TXN01055,2026-09-01 19:10:00,22202,UPI,Success,
TXN01056,2026-09-01 08:55:00,7504,NetBanking,Success,
TXN01057,2026-09-01 21:05:00,20508,Card,Success,
TXN01058,2026-09-01 14:12:00,23659,UPI,Success,
TXN01059,2026-09-01 19:14:00,7466,UPI,Success,
TXN01060,2026-09-01 18:48:00,9767,Card,Success,
TXN01061,2026-09-01 09:48:00,1700,NetBanking,Success,
TXN01062,2026-09-01 20:14:00,24530,Card,Success,
TXN01063,2026-09-01 18:25:00,6619,UPI,Success,
TXN01064,2026-09-01 14:42:00,7264,UPI,Success,
TXN01065,2026-09-01 20:13:00,11273,UPI,Success,
TXN01066,2026-09-01 18:48:00,22224,Card,Success,
TXN01067,2026-09-01 15:41:00,15187,Card,Success,
TXN01068,2026-09-01 10:17:00,16545,UPI,Success,
TXN01069,2026-09-01 17:26:00,14382,NetBanking,Success,
TXN01070,2026-09-01 16:40:00,6006,Card,Success,
TXN01071,2026-09-01 21:54:00,4406,UPI,Success,
TXN01072,2026-09-01 18:20:00,10746,Card,Success,
TXN01073,2026-09-01 18:23:00,22892,Card,Success,
TXN01074,2026-09-01 13:51:00,9839,UPI,Success,
TXN01075,2026-09-01 15:02:00,19943,Card,Success,
TXN01076,2026-09-01 13:06:00,23186,Card,Success,
TXN01077,2026-09-01 20:34:00,18339,Card,Success,
TXN01078,2026-09-01 18:39:00,23608,UPI,Success,
TXN01079,2026-09-01 19:28:00,4547,Wallet,Success,
TXN01080,2026-09-01 11:02:00,16711,Card,Success,
TXN01081,2026-09-01 20:07:00,3981,Card,Success,
TXN01082,2026-09-01 17:56:00,18898,NetBanking,Success,
TXN01083,2026-09-01 19:30:00,24706,NetBanking,Success,
TXN01084,2026-09-01 15:12:00,618,Card,Failed,Insufficient funds
TXN01085,2026-09-01 08:54:00,22162,UPI,Success,
TXN01086,2026-09-01 21:24:00,5473,Wallet,Success,
TXN01087,2026-09-01 10:29:00,2232,Card,Success,
TXN01088,2026-09-01 20:51:00,17933,UPI,Success,
TXN01089,2026-09-01 09:44:00,20388,NetBanking,Success,
TXN01090,2026-09-01 11:49:00,24527,Card,Success,
TXN01091,2026-09-01 16:43:00,23010,UPI,Success,
TXN01092,2026-09-01 14:30:00,12899,UPI,Success,
TXN01093,2026-09-01 19:41:00,10445,Wallet,Failed,Network error
TXN01094,2026-09-01 11:27:00,20534,NetBanking,Success,
TXN01095,2026-09-01 15:33:00,7590,NetBanking,Success,
TXN01096,2026-09-01 19:03:00,12250,Card,Success,
TXN01097,2026-09-01 18:17:00,6637,Card,Success,
TXN01098,2026-09-01 13:01:00,14906,UPI,Success,
TXN01099,2026-09-01 11:11:00,5894,Card,Success,
TXN01100,2026-09-01 08:41:00,14241,UPI,Success,
TXN01101,2026-09-01 10:44:00,19336,NetBanking,Failed,Payment declined
TXN01102,2026-09-01 20:06:00,5272,UPI,Success,
TXN01103,2026-09-01 18:11:00,1866,Card,Success,
TXN01104,2026-09-01 19:17:00,10068,UPI,Success,
TXN01105,2026-09-01 14:06:00,2588,Card,Success,
TXN01106,2026-09-01 11:45:00,6225,Card,Success,
TXN01107,2026-09-01 10:43:00,13829,Card,Success,
TXN01108,2026-09-01 13:57:00,7448,NetBanking,Success,
TXN01109,2026-09-01 13:39:00,12022,UPI,Success,
TXN01110,2026-09-01 18:33:00,17583,UPI,Success,
TXN01111,2026-09-01 20:50:00,21476,UPI,Success,
TXN01112,2026-09-01 15:36:00,8075,NetBanking,Success,
TXN01113,2026-09-01 18:36:00,8189,Wallet,Success,
TXN01114,2026-09-01 13:28:00,12696,NetBanking,Success,
TXN01115,2026-09-01 14:35:00,8607,Card,Success,
TXN01116,2026-09-01 16:49:00,12486,Card,Success,
TXN01117,2026-09-01 16:18:00,1636,UPI,Success,
TXN01118,2026-09-01 13:28:00,17039,UPI,Success,
TXN01119,2026-09-01 21:11:00,17828,Card,Success,
TXN01120,2026-09-01 11:35:00,22165,Card,Success,
TXN01121,2026-09-01 19:41:00,14100,NetBanking,Success,
TXN01122,2026-09-01 19:59:00,24493,Card,Success,
TXN01123,2026-09-01 09:13:00,24674,Card,Failed,Network error
TXN01124,2026-09-01 08:38:00,3067,UPI,Success,
TXN01125,2026-09-01 12:17:00,18487,UPI,Success,
TXN01126,2026-09-01 12:24:00,13557,UPI,Success,
TXN01127,2026-09-01 15:23:00,10567,UPI,Success,
TXN01128,2026-09-01 17:07:00,393,Card,Success,
TXN01129,2026-09-01 20:54:00,24643,Card,Success,
TXN01130,2026-09-01 09:14:00,11921,NetBanking,Success,
TXN01131,2026-09-01 21:25:00,22674,UPI,Failed,Payment declined
TXN01132,2026-09-01 14:30:00,13147,NetBanking,Failed,Insufficient funds
TXN01133,2026-09-01 17:06:00,7404,UPI,Success,
TXN01134,2026-09-01 21:36:00,18082,UPI,Success,
TXN01135,2026-09-01 13:05:00,22393,NetBanking,Success,
TXN01136,2026-09-01 20:26:00,21431,UPI,Success,
TXN01137,2026-09-01 17:26:00,18388,UPI,Failed,Authentication failed
TXN01138,2026-09-01 18:10:00,13113,Card,Success,
TXN01139,2026-09-01 13:12:00,7083,Card,Success,
TXN01140,2026-09-01 13:52:00,7138,UPI,Success,
TXN01141,2026-09-01 16:44:00,4867,UPI,Success,
TXN01142,2026-09-01 12:18:00,6567,UPI,Success,
TXN01143,2026-09-01 17:40:00,1982,NetBanking,Success,
TXN01144,2026-09-01 17:22:00,15314,Card,Failed,Bank timeout
TXN01145,2026-09-01 12:16:00,3417,UPI,Success,
TXN01146,2026-09-01 13:38:00,11902,UPI,Success,
TXN01147,2026-09-01 09:42:00,9543,Card,Success,
TXN01148,2026-09-01 13:25:00,16120,UPI,Success,
TXN01149,2026-09-01 13:13:00,22923,Card,Success,
TXN01150,2026-09-01 14:13:00,10565,Wallet,Success,
TXN01151,2026-09-01 13:20:00,8266,Card,Success,
TXN01152,2026-09-01 18:56:00,14490,UPI,Success,
TXN01153,2026-09-01 19:35:00,24218,UPI,Success,
TXN01154,2026-09-01 15:36:00,11955,Card,Success,
TXN01155,2026-09-01 09:51:00,5959,Card,Success,
TXN01156,2026-09-01 12:47:00,4787,NetBanking,Success,
TXN01157,2026-09-01 20:31:00,20733,UPI,Failed,Bank timeout
TXN01158,2026-09-01 16:39:00,20897,UPI,Success,
TXN01159,2026-09-01 14:54:00,19534,UPI,Failed,Network error
TXN01160,2026-09-01 17:16:00,17884,UPI,Success,
TXN01161,2026-09-01 14:14:00,13061,UPI,Success,
TXN01162,2026-09-01 20:30:00,9735,UPI,Success,
TXN01163,2026-09-01 09:32:00,13201,UPI,Failed,Insufficient funds
TXN01164,2026-09-01 21:45:00,20320,Card,Success,
TXN01165,2026-09-01 10:23:00,14821,UPI,Success,
TXN01166,2026-09-01 17:39:00,21807,NetBanking,Success,
TXN01167,2026-09-01 20:29:00,16043,NetBanking,Failed,Payment declined
TXN01168,2026-09-01 11:57:00,2259,UPI,Success,
TXN01169,2026-09-01 19:24:00,6975,Card,Success,
TXN01170,2026-09-01 14:37:00,15590,NetBanking,Success,
TXN01171,2026-09-01 08:40:00,21450,UPI,Success,
TXN01172,2026-09-01 16:53:00,20960,NetBanking,Success,
TXN01173,2026-09-01 12:29:00,19160,Card,Success,
TXN01174,2026-09-01 19:09:00,12603,UPI,Success,
TXN01175,2026-09-01 09:19:00,17130,UPI,Success,
TXN01176,2026-09-01 11:48:00,17120,UPI,Success,
TXN01177,2026-09-01 13:53:00,16153,Card,Success,
TXN01178,2026-09-01 08:06:00,16644,NetBanking,Success,
TXN01179,2026-09-01 11:55:00,2726,Card,Success,
TXN01180,2026-09-01 10:33:00,6324,UPI,Success,
TXN01181,2026-09-01 21:56:00,4077,Card,Success,
TXN01182,2026-09-01 13:38:00,23801,UPI,Success,
TXN01183,2026-09-01 16:10:00,7104,Card,Success,
TXN01184,2026-09-01 15:00:00,935,UPI,Success,
TXN01185,2026-09-01 18:06:00,5479,UPI,Success,
TXN01186,2026-09-01 17:46:00,5012,UPI,Success,
TXN01187,2026-09-01 11:04:00,17129,Wallet,Success,
TXN01188,2026-09-01 17:37:00,21093,UPI,Success,
TXN01189,2026-09-01 19:17:00,9488,NetBanking,Success,
TXN01190,2026-09-01 18:21:00,15647,NetBanking,Success,
TXN01191,2026-09-01 15:00:00,19888,UPI,Success,
TXN01192,2026-09-01 21:05:00,6159,Card,Success,
TXN01193,2026-09-01 10:51:00,23930,Card,Success,
TXN01194,2026-09-01 18:10:00,19552,UPI,Success,
TXN01195,2026-09-01 10:15:00,3757,UPI,Success,
TXN01196,2026-09-01 16:36:00,22625,UPI,Success,
TXN01197,2026-09-01 09:38:00,6013,UPI,Success,
TXN01198,2026-09-01 08:39:00,17613,Card,Success,
TXN01199,2026-09-01 16:13:00,21806,UPI,Success,
TXN01200,2026-09-01 08:01:00,22435,Card,Success,
TXN01201,2026-09-01 14:19:00,1623,Card,Success,
TXN01202,2026-09-01 21:41:00,15998,Card,Success,
TXN01203,2026-09-01 18:03:00,24493,NetBanking,Success,
TXN01204,2026-09-01 17:49:00,3401,UPI,Success,
TXN01205,2026-09-01 21:04:00,7818,NetBanking,Success,
TXN01206,2026-09-01 18:12:00,18016,UPI,Success,
TXN01207,2026-09-01 20:06:00,24567,Card,Success,
TXN01208,2026-09-01 10:00:00,17231,UPI,Success,
TXN01209,2026-09-01 19:44:00,10551,UPI,Success,
TXN01210,2026-09-01 15:16:00,21550,Card,Success,
TXN01211,2026-09-01 17:08:00,14079,Card,Success,
TXN01212,2026-09-01 19:36:00,13223,Card,Success,
TXN01213,2026-09-01 21:22:00,18470,UPI,Failed,Authentication failed
TXN01214,2026-09-01 16:15:00,8515,Wallet,Success,
TXN01215,2026-09-01 21:12:00,23317,UPI,Failed,Bank timeout
TXN01216,2026-09-01 20:45:00,7729,UPI,Success,
TXN01217,2026-09-01 10:45:00,3485,UPI,Success,
TXN01218,2026-09-01 13:46:00,18241,Card,Success,
TXN01219,2026-09-01 08:53:00,5467,UPI,Success,
TXN01220,2026-09-01 21:43:00,3184,NetBanking,Success,
TXN01221,2026-09-01 18:14:00,14466,UPI,Success,
TXN01222,2026-09-01 14:19:00,2822,Card,Success,
TXN01223,2026-09-01 14:50:00,20318,Card,Success,
TXN01224,2026-09-01 18:11:00,2082,NetBanking,Success,
TXN01225,2026-09-01 18:55:00,16399,UPI,Success,
TXN01226,2026-09-01 19:12:00,17178,UPI,Failed,Authentication failed
TXN01227,2026-09-01 16:42:00,17102,Card,Success,
TXN01228,2026-09-01 19:30:00,1381,UPI,Success,
TXN01229,2026-09-01 10:41:00,3045,Wallet,Success,
TXN01230,2026-09-01 14:01:00,22143,UPI,Success,
TXN01231,2026-09-01 16:50:00,703,Card,Failed,Bank timeout
TXN01232,2026-09-01 17:22:00,9522,Card,Success,
TXN01233,2026-09-01 17:56:00,11606,UPI,Success,
TXN01234,2026-09-01 11:51:00,20069,Wallet,Success,
TXN01235,2026-09-01 14:53:00,19038,UPI,Success,
TXN01236,2026-09-01 16:38:00,3688,Card,Success,
TXN01237,2026-09-01 13:48:00,4034,NetBanking,Success,
TXN01238,2026-09-01 17:10:00,19038,UPI,Success,
TXN01239,2026-09-01 14:26:00,18653,UPI,Success,
TXN01240,2026-09-01 13:47:00,15235,Card,Success,
TXN01241,2026-09-01 08:28:00,15993,UPI,Failed,Insufficient funds
TXN01242,2026-09-01 19:33:00,23176,UPI,Success,
TXN01243,2026-09-01 14:01:00,17124,Card,Success,
TXN01244,2026-09-01 12:29:00,8334,UPI,Success,
TXN01245,2026-09-01 20:46:00,11406,UPI,Success,
TXN01246,2026-09-01 16:07:00,10484,UPI,Success,
TXN01247,2026-09-01 12:35:00,6189,NetBanking,Success,
TXN01248,2026-09-01 11:14:00,16551,Card,Success,
TXN01249,2026-09-01 12:07:00,8896,UPI,Success,
TXN01250,2026-09-01 12:15:00,20470,UPI,Success,
TXN01251,2026-09-01 10:02:00,2771,Card,Success,
TXN01252,2026-09-01 18:28:00,417,Card,Success,
TXN01253,2026-09-01 08:43:00,16003,UPI,Success,
TXN01254,2026-09-01 17:48:00,9202,UPI,Success,
TXN01255,2026-09-01 16:43:00,9383,UPI,Success,
TXN01256,2026-09-01 10:11:00,1974,Card,Success,
TXN01257,2026-09-01 17:13:00,1267,Card,Success,
TXN01258,2026-09-01 19:42:00,5927,UPI,Success,
TXN01259,2026-09-01 16:50:00,15275,UPI,Failed,Insufficient funds
TXN01260,2026-09-01 14:28:00,19238,UPI,Success,
TXN01261,2026-09-01 12:25:00,6332,Card,Success,
TXN01262,2026-09-01 16:02:00,20289,UPI,Success,
TXN01263,2026-09-01 15:14:00,7098,UPI,Success,
TXN01264,2026-09-01 14:13:00,13326,UPI,Success,
TXN01265,2026-09-01 10:14:00,19070,Card,Success,
TXN01266,2026-09-01 20:18:00,9045,NetBanking,Success,
TXN01267,2026-09-01 14:30:00,6624,UPI,Success,
TXN01268,2026-09-01 10:33:00,15698,NetBanking,Success,
TXN01269,2026-09-01 16:31:00,4606,Wallet,Success,
TXN01270,2026-09-01 16:49:00,17697,Card,Success,
TXN01271,2026-09-01 13:07:00,8423,Card,Success,
TXN01272,2026-09-01 14:47:00,3443,Card,Failed,Network error
TXN01273,2026-09-01 16:07:00,20839,UPI,Success,
TXN01274,2026-09-01 12:26:00,12028,UPI,Success,
TXN01275,2026-09-01 21:49:00,8644,UPI,Success,
TXN01276,2026-09-01 13:59:00,22468,Wallet,Success,
TXN01277,2026-09-01 17:49:00,21494,Card,Success,
TXN01278,2026-09-01 21:19:00,9526,UPI,Success,
TXN01279,2026-09-01 16:19:00,24334,UPI,Failed,Authentication failed
TXN01280,2026-09-01 12:53:00,15396,Card,Success,
TXN01281,2026-09-01 10:51:00,21190,NetBanking,Success,
TXN01282,2026-09-01 18:46:00,20264,Card,Success,
TXN01283,2026-09-01 09:13:00,2792,UPI,Success,
TXN01284,2026-09-01 13:24:00,21597,UPI,Success,
TXN01285,2026-09-01 19:00:00,13158,UPI,Success,
TXN01286,2026-09-01 14:11:00,24707,Card,Success,
TXN01287,2026-09-01 15:03:00,5682,UPI,Failed,Insufficient funds
TXN01288,2026-09-01 19:17:00,8445,NetBanking,Success,
TXN01289,2026-09-01 09:21:00,7100,UPI,Success,
TXN01290,2026-09-01 09:05:00,15705,Card,Failed,Payment declined
TXN01291,2026-09-01 16:56:00,2927,UPI,Success,
TXN01292,2026-09-01 09:26:00,21657,NetBanking,Success,
TXN01293,2026-09-01 11:54:00,8306,Card,Success,
TXN01294,2026-09-01 10:09:00,4501,Card,Success,
TXN01295,2026-09-01 08:35:00,21943,UPI,Success,
TXN01296,2026-09-01 16:07:00,15508,Wallet,Success,
TXN01297,2026-09-01 12:38:00,18174,UPI,Success,
TXN01298,2026-09-01 19:54:00,17871,UPI,Success,
TXN01299,2026-09-01 18:46:00,24740,Card,Success,
TXN01300,2026-09-01 16:56:00,21164,Card,Success,
TXN01301,2026-09-01 13:55:00,15982,Card,Success,
TXN01302,2026-09-01 15:32:00,10288,UPI,Success,
TXN01303,2026-09-01 13:10:00,545,UPI,Success,
TXN01304,2026-09-01 10:19:00,11468,UPI,Success,
TXN01305,2026-09-01 19:44:00,16319,NetBanking,Success,
TXN01306,2026-09-01 08:09:00,14304,Card,Success,
TXN01307,2026-09-01 21:35:00,436,Card,Success,
TXN01308,2026-09-01 17:34:00,14523,UPI,Success,
TXN01309,2026-09-01 20:34:00,21367,UPI,Failed,Network error
TXN01310,2026-09-01 09:21:00,14035,Card,Success,
TXN01311,2026-09-01 21:39:00,20293,NetBanking,Success,
TXN01312,2026-09-01 12:51:00,21448,Card,Success,
TXN01313,2026-09-01 15:02:00,6360,NetBanking,Success,
TXN01314,2026-09-01 12:56:00,3816,Card,Success,
TXN01315,2026-09-01 12:38:00,23153,Card,Success,
TXN01316,2026-09-01 08:19:00,5185,UPI,Success,
TXN01317,2026-09-01 11:10:00,3551,UPI,Success,
TXN01318,2026-09-01 15:28:00,24025,UPI,Success,
TXN01319,2026-09-01 08:15:00,16373,UPI,Success,
TXN01320,2026-09-01 21:24:00,16531,Wallet,Success,
TXN01321,2026-09-01 21:30:00,1239,UPI,Success,
TXN01322,2026-09-01 10:29:00,2036,UPI,Success,
TXN01323,2026-09-01 17:16:00,15605,UPI,Success,
TXN01324,2026-09-01 12:16:00,12703,NetBanking,Success,
TXN01325,2026-09-01 21:06:00,23618,UPI,Success,
TXN01326,2026-09-01 15:33:00,8299,Card,Failed,Payment declined
TXN01327,2026-09-01 20:32:00,3278,Card,Success,
TXN01328,2026-09-01 16:04:00,12950,Card,Success,
TXN01329,2026-09-01 13:30:00,5397,Card,Failed,Authentication failed
TXN01330,2026-09-01 16:53:00,4202,UPI,Success,
TXN01331,2026-09-01 11:23:00,12010,NetBanking,Success,
TXN01332,2026-09-01 11:43:00,3900,UPI,Success,
TXN01333,2026-09-01 08:15:00,5684,Card,Success,
TXN01334,2026-09-01 14:45:00,8165,UPI,Failed,Payment declined
TXN01335,2026-09-01 19:44:00,19736,UPI,Success,
TXN01336,2026-09-01 12:14:00,5367,UPI,Success,
TXN01337,2026-09-01 13:46:00,20684,UPI,Success,
TXN01338,2026-09-01 10:37:00,23181,Card,Success,
TXN01339,2026-09-01 16:19:00,7824,UPI,Success,
TXN01340,2026-09-01 19:00:00,24995,UPI,Success,
TXN01341,2026-09-01 20:30:00,6523,UPI,Failed,Insufficient funds
TXN01342,2026-09-01 12:16:00,1493,UPI,Success,
TXN01343,2026-09-01 13:01:00,17984,Card,Success,
TXN01344,2026-09-01 11:11:00,18013,UPI,Success,
TXN01345,2026-09-01 12:41:00,19817,NetBanking,Success,
TXN01346,2026-09-01 09:10:00,17604,UPI,Success,
TXN01347,2026-09-01 12:29:00,17947,UPI,Failed,Authentication failed
TXN01348,2026-09-01 14:28:00,24240,UPI,Failed,Network error
TXN01349,2026-09-01 21:14:00,20522,UPI,Success,
TXN01350,2026-09-01 19:14:00,17860,NetBanking,Success,
TXN01351,2026-09-01 19:39:00,16503,Card,Success,
TXN01352,2026-09-01 12:49:00,10770,UPI,Success,
TXN01353,2026-09-01 09:38:00,17344,Card,Failed,Insufficient funds
TXN01354,2026-09-01 11:02:00,1224,UPI,Success,
TXN01355,2026-09-01 09:41:00,1242,Card,Success,
TXN01356,2026-09-01 19:13:00,16253,Card,Success,
TXN01357,2026-09-01 12:22:00,1808,UPI,Success,
TXN01358,2026-09-01 09:12:00,628,NetBanking,Success,
TXN01359,2026-09-01 16:23:00,2820,UPI,Success,
TXN01360,2026-09-01 14:09:00,18485,Card,Success,
TXN01361,2026-09-01 14:17:00,23413,UPI,Success,
TXN01362,2026-09-01 17:01:00,1532,Card,Success,
TXN01363,2026-09-01 09:19:00,7274,Wallet,Success,
TXN01364,2026-09-01 20:22:00,7769,Card,Success,
TXN01365,2026-09-01 16:58:00,21724,UPI,Success,
TXN01366,2026-09-01 11:03:00,18498,Card,Success,
TXN01367,2026-09-01 09:48:00,21126,Card,Success,
TXN01368,2026-09-01 19:59:00,21998,UPI,Success,
TXN01369,2026-09-01 21:31:00,6111,Card,Success,
TXN01370,2026-09-01 19:13:00,5383,Card,Success,
TXN01371,2026-09-01 14:00:00,10526,Card,Success,
TXN01372,2026-09-01 14:20:00,13711,Card,Success,
TXN01373,2026-09-01 20:23:00,10798,Card,Success,
TXN01374,2026-09-01 11:39:00,12490,Card,Success,
TXN01375,2026-09-01 12:20:00,11996,Wallet,Success,
TXN01376,2026-09-01 14:46:00,206,Card,Success,
TXN01377,2026-09-01 18:10:00,734,Card,Success,
TXN01378,2026-09-01 13:09:00,415,UPI,Success,
TXN01379,2026-09-01 13:22:00,911,Card,Success,
TXN01380,2026-09-01 12:42:00,18342,Card,Success,
TXN01381,2026-09-01 17:45:00,5269,UPI,Success,
TXN01382,2026-09-01 10:39:00,4735,UPI,Success,
TXN01383,2026-09-01 12:15:00,7834,UPI,Success,
TXN01384,2026-09-01 17:44:00,13300,Card,Success,
TXN01385,2026-09-01 09:19:00,23910,UPI,Success,
TXN01386,2026-09-01 16:19:00,22796,Card,Success,
TXN01387,2026-09-01 09:37:00,19704,Card,Failed,Authentication failed
TXN01388,2026-09-01 14:30:00,2771,Card,Success,
TXN01389,2026-09-01 13:42:00,11600,NetBanking,Success,
TXN01390,2026-09-01 10:03:00,7629,Card,Success,
TXN01391,2026-09-01 08:11:00,20971,Card,Success,
TXN01392,2026-09-01 13:12:00,17382,UPI,Success,
TXN01393,2026-09-01 10:33:00,10909,Card,Success,
TXN01394,2026-09-01 08:51:00,22273,Card,Success,
TXN01395,2026-09-01 15:36:00,24869,Card,Success,
TXN01396,2026-09-01 11:47:00,14353,UPI,Success,
TXN01397,2026-09-01 10:15:00,11215,UPI,Success,
TXN01398,2026-09-01 08:50:00,18161,UPI,Success,
TXN01399,2026-09-01 16:33:00,14437,Card,Success,
TXN01400,2026-09-01 10:18:00,15958,Card,Success,
TXN01401,2026-09-01 19:07:00,18921,UPI,Success,
TXN01402,2026-09-01 20:33:00,17378,UPI,Failed,Payment declined
TXN01403,2026-09-01 13:31:00,22637,NetBanking,Success,
TXN01404,2026-09-01 19:27:00,13752,UPI,Success,
TXN01405,2026-09-01 13:28:00,11489,Card,Failed,Network error
TXN01406,2026-09-01 10:53:00,11659,Card,Success,
TXN01407,2026-09-01 15:32:00,20620,UPI,Failed,Insufficient funds
TXN01408,2026-09-01 11:24:00,22657,UPI,Success,
TXN01409,2026-09-01 09:27:00,3882,Card,Success,
TXN01410,2026-09-01 18:35:00,5039,NetBanking,Success,
TXN01411,2026-09-01 08:14:00,11448,Card,Success,
TXN01412,2026-09-01 15:40:00,15639,UPI,Success,
TXN01413,2026-09-01 17:10:00,7142,UPI,Success,
TXN01414,2026-09-01 12:24:00,18183,UPI,Success,
TXN01415,2026-09-01 10:24:00,22976,Card,Failed,Authentication failed
TXN01416,2026-09-01 19:19:00,17462,UPI,Success,
TXN01417,2026-09-01 12:50:00,6776,Card,Success,
TXN01418,2026-09-01 08:54:00,15435,Card,Failed,Payment declined
TXN01419,2026-09-01 19:16:00,9090,Card,Success,
TXN01420,2026-09-01 14:08:00,3735,UPI,Success,
TXN01421,2026-09-01 19:04:00,12865,UPI,Success,
TXN01422,2026-09-01 20:06:00,3463,NetBanking,Success,
TXN01423,2026-09-01 18:11:00,17618,UPI,Success,
TXN01424,2026-09-01 15:48:00,18572,NetBanking,Failed,Insufficient funds
TXN01425,2026-09-01 17:02:00,10191,UPI,Success,
TXN01426,2026-09-01 10:40:00,802,UPI,Success,
TXN01427,2026-09-01 18:40:00,10106,UPI,Success,
TXN01428,2026-09-01 16:33:00,9239,NetBanking,Success,
TXN01429,2026-09-01 14:36:00,1165,NetBanking,Success,
TXN01430,2026-09-01 11:50:00,5171,UPI,Success,
TXN01431,2026-09-01 10:20:00,3076,Card,Success,
TXN01432,2026-09-01 19:34:00,20268,NetBanking,Success,
TXN01433,2026-09-01 15:07:00,8076,Card,Success,
TXN01434,2026-09-01 13:19:00,20036,UPI,Success,
TXN01435,2026-09-01 11:31:00,21580,UPI,Success,
TXN01436,2026-09-01 21:39:00,6829,NetBanking,Success,
TXN01437,2026-09-01 20:02:00,17364,NetBanking,Success,
TXN01438,2026-09-01 21:08:00,4956,Card,Success,
TXN01439,2026-09-01 10:41:00,10603,UPI,Success,
TXN01440,2026-09-01 20:16:00,4079,UPI,Success,
TXN01441,2026-09-01 10:29:00,24024,UPI,Success,
TXN01442,2026-09-01 15:03:00,13675,UPI,Success,
TXN01443,2026-09-01 18:52:00,24393,UPI,Success,
TXN01444,2026-09-01 09:49:00,4510,UPI,Success,
TXN01445,2026-09-01 18:26:00,20416,UPI,Success,
TXN01446,2026-09-01 11:56:00,19741,UPI,Success,
TXN01447,2026-09-01 14:07:00,2804,Card,Success,
TXN01448,2026-09-01 16:34:00,20015,UPI,Success,
TXN01449,2026-09-01 11:08:00,12896,UPI,Success,
TXN01450,2026-09-01 11:17:00,7614,UPI,Success,
TXN01451,2026-09-01 08:15:00,9042,Wallet,Success,
TXN01452,2026-09-01 19:27:00,6846,Card,Failed,Payment declined
TXN01453,2026-09-01 18:31:00,16254,Card,Success,
TXN01454,2026-09-01 12:12:00,14210,UPI,Failed,Payment declined
TXN01455,2026-09-01 20:17:00,10453,UPI,Success,
TXN01456,2026-09-01 17:45:00,19657,Card,Success,
TXN01457,2026-09-01 20:01:00,1461,Card,Success,
TXN01458,2026-09-01 08:43:00,8251,Card,Success,
TXN01459,2026-09-01 20:32:00,1486,Card,Success,
TXN01460,2026-09-01 18:45:00,1815,UPI,Success,
TXN01461,2026-09-01 13:11:00,9568,UPI,Success,
TXN01462,2026-09-01 18:27:00,1987,Card,Success,
TXN01463,2026-09-01 15:54:00,21371,UPI,Success,
TXN01464,2026-09-01 09:55:00,6090,Card,Success,
TXN01465,2026-09-01 19:52:00,18104,UPI,Success,
TXN01466,2026-09-01 15:41:00,1016,UPI,Success,
TXN01467,2026-09-01 20:09:00,6816,NetBanking,Success,
TXN01468,2026-09-01 13:31:00,22866,Card,Success,
TXN01469,2026-09-01 10:47:00,23739,Card,Success,
TXN01470,2026-09-01 20:03:00,14925,Card,Success,
TXN01471,2026-09-01 20:04:00,12785,Card,Success,
TXN01472,2026-09-01 18:26:00,5439,UPI,Success,
TXN01473,2026-09-01 21:06:00,5799,NetBanking,Success,
TXN01474,2026-09-01 19:15:00,5118,UPI,Success,
TXN01475,2026-09-01 21:07:00,23532,UPI,Failed,Payment declined
TXN01476,2026-09-01 12:55:00,20727,UPI,Success,
TXN01477,2026-09-01 11:27:00,315,Card,Success,
TXN01478,2026-09-01 15:49:00,16506,NetBanking,Success,
TXN01479,2026-09-01 08:05:00,20122,NetBanking,Success,
TXN01480,2026-09-01 18:02:00,21809,UPI,Success,
TXN01481,2026-09-01 09:21:00,19900,Card,Success,
TXN01482,2026-09-01 17:20:00,9313,Card,Success,
TXN01483,2026-09-01 11:32:00,1802,UPI,Failed,Network error
TXN01484,2026-09-01 08:37:00,4963,NetBanking,Success,
TXN01485,2026-09-01 18:17:00,9979,UPI,Success,
TXN01486,2026-09-01 09:51:00,13862,Wallet,Success,
TXN01487,2026-09-01 12:51:00,20224,Card,Success,
TXN01488,2026-09-01 17:46:00,18621,UPI,Success,
TXN01489,2026-09-01 17:52:00,12002,NetBanking,Success,
TXN01490,2026-09-01 13:06:00,10778,UPI,Success,
TXN01491,2026-09-01 09:09:00,14202,NetBanking,Failed,Payment declined
TXN01492,2026-09-01 10:17:00,4198,Card,Success,
TXN01493,2026-09-01 16:59:00,13758,Card,Success,
TXN01494,2026-09-01 18:26:00,2106,UPI,Success,
TXN01495,2026-09-01 18:44:00,17532,Wallet,Success,
TXN01496,2026-09-01 19:45:00,20017,NetBanking,Success,
TXN01497,2026-09-01 12:54:00,14193,Card,Success,
TXN01498,2026-09-01 16:58:00,19046,Wallet,Success,
TXN01499,2026-09-01 10:12:00,20329,Card,Success,
TXN01500,2026-09-01 18:47:00,16509,UPI,Success,
TXN01501,2026-09-01 18:24:00,7825,Card,Success,
TXN01502,2026-09-01 08:01:00,4073,UPI,Success,
TXN01503,2026-09-01 10:00:00,24365,NetBanking,Success,
TXN01504,2026-09-01 15:04:00,13767,UPI,Success,
TXN01505,2026-09-01 21:45:00,21089,UPI,Success,
TXN01506,2026-09-01 19:46:00,9428,UPI,Failed,Network error
TXN01507,2026-09-01 16:38:00,18222,UPI,Failed,Network error
TXN01508,2026-09-01 13:49:00,13177,Card,Success,
TXN01509,2026-09-01 08:29:00,5955,UPI,Success,
TXN01510,2026-09-01 19:28:00,15899,NetBanking,Success,
TXN01511,2026-09-01 19:01:00,4648,UPI,Success,
TXN01512,2026-09-01 17:09:00,11180,UPI,Success,
TXN01513,2026-09-01 20:40:00,2035,NetBanking,Success,
TXN01514,2026-09-01 20:22:00,22423,UPI,Success,
TXN01515,2026-09-01 11:33:00,19120,Card,Success,
TXN01516,2026-09-01 21:34:00,11786,UPI,Failed,Bank timeout
TXN01517,2026-09-01 13:47:00,12495,Card,Success,
TXN01518,2026-09-01 17:44:00,20047,UPI,Success,
TXN01519,2026-09-01 21:21:00,24826,UPI,Success,
TXN01520,2026-09-01 20:06:00,1236,UPI,Failed,Insufficient funds
TXN01521,2026-09-01 14:20:00,15008,NetBanking,Success,
TXN01522,2026-09-01 16:57:00,10106,UPI,Success,
TXN01523,2026-09-01 08:38:00,6822,NetBanking,Success,
TXN01524,2026-09-01 08:25:00,16015,NetBanking,Success,
TXN01525,2026-09-01 13:48:00,16042,Card,Success,
TXN01526,2026-09-01 21:14:00,10926,UPI,Success,
TXN01527,2026-09-01 16:48:00,22374,Wallet,Success,
TXN01528,2026-09-01 08:37:00,15252,UPI,Success,
TXN01529,2026-09-01 09:58:00,334,UPI,Failed,Authentication failed
TXN01530,2026-09-01 09:29:00,11121,UPI,Failed,Authentication failed
TXN01531,2026-09-01 21:04:00,21793,Card,Failed,Network error
TXN01532,2026-09-01 18:54:00,7076,UPI,Success,
TXN01533,2026-09-01 12:43:00,17641,UPI,Success,
TXN01534,2026-09-01 10:00:00,9134,UPI,Success,
TXN01535,2026-09-01 08:15:00,20612,Card,Success,
TXN01536,2026-09-01 17:15:00,11679,Card,Success,
TXN01537,2026-09-01 20:01:00,9482,Card,Success,
TXN01538,2026-09-01 13:18:00,20295,NetBanking,Success,
TXN01539,2026-09-01 08:51:00,4462,UPI,Success,
TXN01540,2026-09-01 08:51:00,3671,UPI,Success,
TXN01541,2026-09-01 14:41:00,6064,Card,Success,
TXN01542,2026-09-01 18:44:00,22814,Card,Success,
TXN01543,2026-09-01 13:19:00,11089,NetBanking,Success,
TXN01544,2026-09-01 19:26:00,17681,UPI,Success,
TXN01545,2026-09-01 21:02:00,15459,Card,Success,
TXN01546,2026-09-01 21:41:00,23091,UPI,Success,
TXN01547,2026-09-01 19:40:00,21316,Card,Success,
TXN01548,2026-09-01 11:57:00,7533,UPI,Success,
TXN01549,2026-09-01 12:24:00,12109,UPI,Success,
TXN01550,2026-09-01 19:21:00,11024,Card,Success,
TXN01551,2026-09-01 15:44:00,16174,UPI,Success,
TXN01552,2026-09-01 13:59:00,15884,UPI,Success,
TXN01553,2026-09-01 21:06:00,11623,Card,Success,
TXN01554,2026-09-01 09:45:00,13493,NetBanking,Success,
TXN01555,2026-09-01 13:33:00,18423,Card,Success,
TXN01556,2026-09-01 17:05:00,15305,UPI,Success,
TXN01557,2026-09-01 18:35:00,8185,Card,Success,
TXN01558,2026-09-01 14:33:00,2364,UPI,Success,
TXN01559,2026-09-01 18:05:00,14327,Card,Success,
TXN01560,2026-09-01 21:26:00,11413,Card,Success,
TXN01561,2026-09-01 19:18:00,22141,UPI,Success,
TXN01562,2026-09-01 17:47:00,16145,UPI,Success,
TXN01563,2026-09-01 13:33:00,18389,UPI,Success,
TXN01564,2026-09-01 13:15:00,13497,UPI,Success,
TXN01565,2026-09-01 21:53:00,19743,Card,Success,
TXN01566,2026-09-01 16:26:00,21335,Card,Success,
TXN01567,2026-09-01 21:56:00,4752,NetBanking,Success,
TXN01568,2026-09-01 18:51:00,206,Card,Success,
TXN01569,2026-09-01 15:43:00,17608,UPI,Success,
TXN01570,2026-09-01 15:37:00,6611,UPI,Success,
TXN01571,2026-09-01 13:06:00,18886,Card,Success,
TXN01572,2026-09-01 15:25:00,23720,Wallet,Success,
TXN01573,2026-09-01 09:31:00,19294,UPI,Success,
TXN01574,2026-09-01 14:53:00,4379,NetBanking,Failed,Authentication failed
TXN01575,2026-09-01 08:54:00,227,Card,Success,
TXN01576,2026-09-01 14:07:00,3794,NetBanking,Success,
TXN01577,2026-09-01 12:00:00,14346,Card,Success,
TXN01578,2026-09-01 13:25:00,23523,UPI,Success,
TXN01579,2026-09-01 17:18:00,7121,Card,Success,
TXN01580,2026-09-01 11:12:00,18400,UPI,Success,
TXN01581,2026-09-01 15:07:00,5255,UPI,Success,
TXN01582,2026-09-01 10:08:00,4600,UPI,Success,
TXN01583,2026-09-01 10:27:00,23836,NetBanking,Success,
TXN01584,2026-09-01 10:19:00,2974,UPI,Success,
TXN01585,2026-09-01 15:46:00,22986,Card,Success,
TXN01586,2026-09-01 11:04:00,15089,Card,Success,
TXN01587,2026-09-01 15:40:00,12806,UPI,Success,
TXN01588,2026-09-01 18:19:00,443,Card,Success,
TXN01589,2026-09-01 12:02:00,23535,Card,Success,
TXN01590,2026-09-01 17:19:00,19085,UPI,Success,
TXN01591,2026-09-01 17:41:00,16035,Card,Success,
TXN01592,2026-09-01 16:13:00,22826,UPI,Success,
TXN01593,2026-09-01 16:59:00,24795,Card,Success,
TXN01594,2026-09-01 09:20:00,17349,NetBanking,Success,
TXN01595,2026-09-01 16:03:00,20865,Card,Success,
TXN01596,2026-09-01 09:19:00,22615,Card,Success,
TXN01597,2026-09-01 13:19:00,20288,UPI,Success,
TXN01598,2026-09-01 21:17:00,553,UPI,Success,
TXN01599,2026-09-01 16:00:00,19007,Card,Success,
TXN01600,2026-09-01 21:37:00,9854,UPI,Failed,Authentication failed
TXN01601,2026-09-01 20:47:00,10163,Card,Success,
TXN01602,2026-09-01 09:02:00,20820,UPI,Success,
TXN01603,2026-09-01 08:52:00,21706,Wallet,Success,
TXN01604,2026-09-01 18:39:00,1094,UPI,Success,
TXN01605,2026-09-01 16:37:00,2718,NetBanking,Success,
TXN01606,2026-09-01 10:15:00,20378,UPI,Success,
TXN01607,2026-09-01 08:14:00,24495,UPI,Success,
TXN01608,2026-09-01 18:05:00,24414,UPI,Success,
TXN01609,2026-09-01 21:47:00,5947,UPI,Success,
TXN01610,2026-09-01 16:16:00,6124,Card,Success,
TXN01611,2026-09-01 13:51:00,2965,Wallet,Success,
TXN01612,2026-09-01 10:37:00,16451,Card,Success,
TXN01613,2026-09-01 14:32:00,7997,Card,Success,
TXN01614,2026-09-01 10:51:00,7109,Card,Success,
TXN01615,2026-09-01 08:55:00,21245,UPI,Success,
TXN01616,2026-09-01 08:53:00,5691,UPI,Success,
TXN01617,2026-09-01 16:07:00,24649,NetBanking,Success,
TXN01618,2026-09-01 11:59:00,12645,Card,Success,
TXN01619,2026-09-01 12:28:00,4956,Card,Success,
TXN01620,2026-09-01 12:55:00,14906,UPI,Success,
TXN01621,2026-09-01 17:02:00,22576,Wallet,Success,
TXN01622,2026-09-01 17:04:00,21087,UPI,Success,
TXN01623,2026-09-01 18:25:00,21566,NetBanking,Success,
TXN01624,2026-09-01 12:33:00,3420,UPI,Success,
TXN01625,2026-09-01 15:52:00,22327,Card,Success,
TXN01626,2026-09-01 18:02:00,6587,Card,Success,
TXN01627,2026-09-01 11:04:00,10465,Card,Success,
TXN01628,2026-09-01 09:09:00,591,UPI,Success,
TXN01629,2026-09-01 19:41:00,14812,UPI,Success,
TXN01630,2026-09-01 12:17:00,6526,UPI,Success,
TXN01631,2026-09-01 08:58:00,19668,Card,Success,
TXN01632,2026-09-01 18:13:00,21108,UPI,Success,
TXN01633,2026-09-01 09:28:00,20014,UPI,Success,
TXN01634,2026-09-01 19:03:00,18748,NetBanking,Success,
TXN01635,2026-09-01 09:53:00,22995,UPI,Success,
TXN01636,2026-09-01 19:16:00,2681,Card,Success,
TXN01637,2026-09-01 12:43:00,14191,Card,Success,
TXN01638,2026-09-01 21:08:00,10797,UPI,Success,
TXN01639,2026-09-01 12:43:00,2244,UPI,Success,
TXN01640,2026-09-01 09:01:00,8661,Wallet,Success,
TXN01641,2026-09-01 15:31:00,2474,UPI,Success,
TXN01642,2026-09-01 18:24:00,13065,UPI,Success,
TXN01643,2026-09-01 10:27:00,17915,Card,Success,
TXN01644,2026-09-01 18:58:00,3681,NetBanking,Success,
TXN01645,2026-09-01 09:45:00,1342,UPI,Success,
TXN01646,2026-09-01 12:16:00,14810,UPI,Success,
TXN01647,2026-09-01 19:08:00,21182,UPI,Failed,Payment declined
TXN01648,2026-09-01 12:32:00,5167,Card,Success,
TXN01649,2026-09-01 17:48:00,321,Card,Success,
TXN01650,2026-09-01 16:22:00,15867,UPI,Success,
TXN01651,2026-09-01 21:19:00,2497,Card,Failed,Payment declined
TXN01652,2026-09-01 10:04:00,18787,Card,Success,
TXN01653,2026-09-01 13:41:00,22542,UPI,Failed,Bank timeout
TXN01654,2026-09-01 14:14:00,17718,NetBanking,Success,
TXN01655,2026-09-01 15:50:00,9701,Card,Success,
TXN01656,2026-09-01 08:40:00,12788,Card,Success,
TXN01657,2026-09-01 14:39:00,3698,Card,Success,
TXN01658,2026-09-01 09:26:00,20935,UPI,Success,
TXN01659,2026-09-01 08:36:00,6527,UPI,Success,
TXN01660,2026-09-01 12:04:00,16231,UPI,Success,
TXN01661,2026-09-01 18:58:00,10283,UPI,Success,
TXN01662,2026-09-01 21:51:00,14922,Wallet,Failed,Network error
TXN01663,2026-09-01 08:57:00,11266,Card,Failed,Bank timeout
TXN01664,2026-09-01 11:36:00,21625,Card,Success,
TXN01665,2026-09-01 19:34:00,17782,UPI,Success,
TXN01666,2026-09-01 09:13:00,1408,Card,Success,
TXN01667,2026-09-01 08:19:00,15640,NetBanking,Success,
TXN01668,2026-09-01 12:08:00,23180,Card,Failed,Bank timeout
TXN01669,2026-09-01 13:14:00,3388,UPI,Success,
TXN01670,2026-09-01 18:05:00,2295,NetBanking,Success,
TXN01671,2026-09-01 16:29:00,19696,Card,Success,
TXN01672,2026-09-01 21:43:00,6840,UPI,Success,
TXN01673,2026-09-01 20:35:00,22429,UPI,Failed,Authentication failed
TXN01674,2026-09-01 17:18:00,4700,UPI,Success,
TXN01675,2026-09-01 11:38:00,1693,Card,Success,
TXN01676,2026-09-01 10:03:00,9174,UPI,Success,
TXN01677,2026-09-01 19:53:00,12321,Card,Success,
TXN01678,2026-09-01 17:55:00,1533,UPI,Success,
TXN01679,2026-09-01 18:47:00,20268,UPI,Success,
TXN01680,2026-09-01 16:18:00,2845,UPI,Success,
TXN01681,2026-09-01 09:31:00,23358,Card,Success,
TXN01682,2026-09-01 15:06:00,22924,NetBanking,Success,
TXN01683,2026-09-01 19:48:00,4358,UPI,Success,
TXN01684,2026-09-01 16:55:00,14959,UPI,Success,
TXN01685,2026-09-01 18:25:00,22864,UPI,Success,
TXN01686,2026-09-01 16:31:00,20255,Wallet,Success,
TXN01687,2026-09-01 21:21:00,10069,UPI,Failed,Insufficient funds
TXN01688,2026-09-01 11:16:00,4050,Wallet,Success,
TXN01689,2026-09-01 18:33:00,12058,NetBanking,Success,
TXN01690,2026-09-01 16:39:00,7385,UPI,Success,
TXN01691,2026-09-01 11:33:00,9257,UPI,Success,
TXN01692,2026-09-01 10:32:00,22654,NetBanking,Success,
TXN01693,2026-09-01 16:29:00,5977,UPI,Success,
TXN01694,2026-09-01 08:55:00,21330,UPI,Success,
TXN01695,2026-09-01 12:17:00,11154,Card,Success,
TXN01696,2026-09-01 15:44:00,1619,UPI,Failed,Authentication failed
TXN01697,2026-09-01 11:00:00,5378,Card,Success,
TXN01698,2026-09-01 09:58:00,2521,NetBanking,Success,
TXN01699,2026-09-01 18:06:00,19197,UPI,Success,
TXN01700,2026-09-01 19:33:00,10872,UPI,Success,
TXN01701,2026-09-01 11:53:00,3413,UPI,Success,
TXN01702,2026-09-01 11:24:00,12505,NetBanking,Failed,Authentication failed
TXN01703,2026-09-01 16:16:00,1980,NetBanking,Success,
TXN01704,2026-09-01 18:24:00,15109,UPI,Success,
TXN01705,2026-09-01 15:48:00,23787,UPI,Success,
TXN01706,2026-09-01 12:36:00,6826,UPI,Failed,Authentication failed
TXN01707,2026-09-01 09:01:00,9394,UPI,Success,
TXN01708,2026-09-01 15:49:00,13904,UPI,Success,
TXN01709,2026-09-01 13:02:00,19979,UPI,Success,
TXN01710,2026-09-01 18:26:00,5768,Card,Success,
TXN01711,2026-09-01 11:55:00,3033,UPI,Success,
TXN01712,2026-09-01 11:41:00,19584,UPI,Success,
TXN01713,2026-09-01 08:14:00,24121,UPI,Success,
TXN01714,2026-09-01 12:13:00,10924,UPI,Success,
TXN01715,2026-09-01 18:05:00,5081,NetBanking,Success,
TXN01716,2026-09-01 15:07:00,1649,UPI,Success,
TXN01717,2026-09-01 21:07:00,16722,UPI,Success,
TXN01718,2026-09-01 16:10:00,23027,NetBanking,Success,
TXN01719,2026-09-01 12:06:00,2922,Card,Failed,Payment declined
TXN01720,2026-09-01 11:43:00,4548,UPI,Success,
TXN01721,2026-09-01 09:32:00,721,UPI,Success,
TXN01722,2026-09-01 20:00:00,15249,NetBanking,Success,
TXN01723,2026-09-01 08:24:00,15104,UPI,Success,
TXN01724,2026-09-01 20:00:00,13482,UPI,Success,
TXN01725,2026-09-01 18:41:00,15414,Card,Failed,Bank timeout
TXN01726,2026-09-01 14:34:00,22834,UPI,Failed,Payment declined
TXN01727,2026-09-01 20:50:00,9040,Card,Success,
TXN01728,2026-09-01 17:49:00,6987,Card,Success,
TXN01729,2026-09-01 13:43:00,24309,NetBanking,Success,
TXN01730,2026-09-01 19:30:00,12127,NetBanking,Success,
TXN01731,2026-09-01 14:14:00,15448,Card,Success,
TXN01732,2026-09-01 10:59:00,21439,Card,Failed,Insufficient funds
TXN01733,2026-09-01 10:21:00,11174,UPI,Success,
TXN01734,2026-09-01 16:09:00,24362,NetBanking,Success,
TXN01735,2026-09-01 19:59:00,7074,Card,Success,
TXN01736,2026-09-01 13:28:00,11757,NetBanking,Success,
TXN01737,2026-09-01 15:13:00,9281,UPI,Success,
TXN01738,2026-09-01 15:43:00,16132,Card,Success,
TXN01739,2026-09-01 16:01:00,23459,Card,Success,
TXN01740,2026-09-01 12:59:00,15010,Card,Success,
TXN01741,2026-09-01 19:49:00,2350,UPI,Success,
TXN01742,2026-09-01 09:29:00,2827,UPI,Success,
TXN01743,2026-09-01 09:18:00,3783,UPI,Success,
TXN01744,2026-09-01 10:31:00,16463,UPI,Success,
TXN01745,2026-09-01 18:42:00,943,UPI,Success,
TXN01746,2026-09-01 17:14:00,4526,UPI,Success,
TXN01747,2026-09-01 20:35:00,21325,UPI,Failed,Bank timeout
TXN01748,2026-09-01 21:41:00,7812,NetBanking,Success,
TXN01749,2026-09-01 13:43:00,13690,Card,Success,
TXN01750,2026-09-01 21:25:00,10892,UPI,Success,
TXN01751,2026-09-01 17:02:00,18172,UPI,Success,
TXN01752,2026-09-01 10:15:00,10243,UPI,Success,
TXN01753,2026-09-01 16:15:00,12386,Wallet,Success,
TXN01754,2026-09-01 08:48:00,5060,UPI,Success,
TXN01755,2026-09-01 10:50:00,20471,NetBanking,Success,
TXN01756,2026-09-01 12:52:00,6172,Wallet,Success,
TXN01757,2026-09-01 19:49:00,22035,Card,Success,
TXN01758,2026-09-01 09:59:00,1548,Wallet,Success,
TXN01759,2026-09-01 15:31:00,8733,UPI,Success,
TXN01760,2026-09-01 20:04:00,1336,Card,Success,
TXN01761,2026-09-01 10:31:00,12419,UPI,Success,
TXN01762,2026-09-01 17:06:00,10081,UPI,Failed,Payment declined
TXN01763,2026-09-01 21:06:00,4963,NetBanking,Success,
TXN01764,2026-09-01 10:39:00,340,Wallet,Success,
TXN01765,2026-09-01 16:39:00,11055,Card,Success,
TXN01766,2026-09-01 12:56:00,24912,Wallet,Success,
TXN01767,2026-09-01 10:30:00,18721,Card,Success,
TXN01768,2026-09-01 13:46:00,22781,UPI,Success,
TXN01769,2026-09-01 08:41:00,4768,Card,Success,
TXN01770,2026-09-01 08:25:00,13360,Card,Success,
TXN01771,2026-09-01 14:05:00,3230,UPI,Success,
TXN01772,2026-09-01 11:19:00,19317,Card,Success,
TXN01773,2026-09-01 21:05:00,9307,UPI,Failed,Payment declined
TXN01774,2026-09-01 19:33:00,22205,Wallet,Success,
TXN01775,2026-09-01 14:43:00,6571,UPI,Success,
TXN01776,2026-09-01 16:43:00,2036,NetBanking,Success,
TXN01777,2026-09-01 10:31:00,23660,NetBanking,Success,
TXN01778,2026-09-01 14:21:00,599,UPI,Success,
TXN01779,2026-09-01 15:36:00,18583,UPI,Success,
TXN01780,2026-09-01 15:34:00,24498,Wallet,Success,
TXN01781,2026-09-01 12:55:00,5567,NetBanking,Success,
TXN01782,2026-09-01 15:14:00,24074,NetBanking,Success,
TXN01783,2026-09-01 18:01:00,19793,UPI,Success,
TXN01784,2026-09-01 16:06:00,17413,Wallet,Failed,Authentication failed
TXN01785,2026-09-01 20:54:00,12513,UPI,Success,
TXN01786,2026-09-01 12:39:00,13782,UPI,Success,
TXN01787,2026-09-01 17:41:00,24947,NetBanking,Success,
TXN01788,2026-09-01 14:30:00,9685,Card,Failed,Network error
TXN01789,2026-09-01 17:59:00,10158,UPI,Success,
TXN01790,2026-09-01 11:49:00,1079,Card,Success,
TXN01791,2026-09-01 13:07:00,21189,NetBanking,Success,
TXN01792,2026-09-01 19:09:00,22020,NetBanking,Success,
TXN01793,2026-09-01 16:23:00,22739,Card,Failed,Network error
TXN01794,2026-09-01 16:24:00,2386,Card,Success,
TXN01795,2026-09-01 16:12:00,18732,UPI,Success,
TXN01796,2026-09-01 19:42:00,15798,Wallet,Success,
TXN01797,2026-09-01 14:22:00,16994,Card,Failed,Network error
TXN01798,2026-09-01 10:46:00,19259,UPI,Success,
TXN01799,2026-09-01 19:49:00,4639,UPI,Failed,Network error
TXN01800,2026-09-01 15:09:00,21048,NetBanking,Success,
TXN01801,2026-09-01 12:56:00,9757,Card,Success,
TXN01802,2026-09-01 16:46:00,6550,Card,Success,
TXN01803,2026-09-01 09:36:00,19820,Card,Success,
TXN01804,2026-09-01 13:23:00,22645,Card,Success,
TXN01805,2026-09-01 19:54:00,22755,UPI,Success,
TXN01806,2026-09-01 14:00:00,4909,UPI,Success,
TXN01807,2026-09-01 14:21:00,16089,UPI,Success,
TXN01808,2026-09-01 10:46:00,3556,UPI,Success,
TXN01809,2026-09-01 11:12:00,18506,Card,Success,
TXN01810,2026-09-01 16:58:00,17635,Card,Success,
TXN01811,2026-09-01 21:41:00,3934,UPI,Success,
TXN01812,2026-09-01 09:59:00,4500,NetBanking,Success,
TXN01813,2026-09-01 13:19:00,22844,UPI,Success,
TXN01814,2026-09-01 18:11:00,17341,Card,Success,
TXN01815,2026-09-01 20:06:00,10183,UPI,Success,
TXN01816,2026-09-01 11:47:00,4417,NetBanking,Success,
TXN01817,2026-09-01 11:52:00,10273,UPI,Success,
TXN01818,2026-09-01 09:20:00,14120,Card,Success,
TXN01819,2026-09-01 09:19:00,816,Card,Success,
TXN01820,2026-09-01 08:43:00,6634,UPI,Success,
TXN01821,2026-09-01 16:45:00,19637,UPI,Success,
TXN01822,2026-09-01 12:19:00,1618,UPI,Success,
TXN01823,2026-09-01 20:52:00,3362,Card,Success,
TXN01824,2026-09-01 11:30:00,19454,NetBanking,Success,
TXN01825,2026-09-01 13:59:00,1158,UPI,Success,
TXN01826,2026-09-01 12:44:00,19197,UPI,Success,
TXN01827,2026-09-01 16:32:00,24073,Card,Success,
TXN01828,2026-09-01 09:09:00,3447,NetBanking,Success,
TXN01829,2026-09-01 17:01:00,7310,Card,Success,
TXN01830,2026-09-01 10:55:00,24907,Card,Success,
TXN01831,2026-09-01 09:41:00,7212,NetBanking,Success,
TXN01832,2026-09-01 16:06:00,12208,Card,Success,
TXN01833,2026-09-01 19:29:00,3716,UPI,Success,
TXN01834,2026-09-01 14:28:00,14096,UPI,Success,
TXN01835,2026-09-01 09:55:00,10498,UPI,Success,
TXN01836,2026-09-01 10:19:00,16446,Card,Success,
TXN01837,2026-09-01 17:30:00,23862,UPI,Success,
TXN01838,2026-09-01 09:58:00,12808,UPI,Success,
TXN01839,2026-09-01 13:19:00,22713,Wallet,Success,
TXN01840,2026-09-01 17:27:00,13545,UPI,Success,
TXN01841,2026-09-01 11:13:00,2480,NetBanking,Success,
TXN01842,2026-09-01 19:35:00,12240,UPI,Success,
TXN01843,2026-09-01 16:23:00,22223,UPI,Success,
TXN01844,2026-09-01 19:14:00,22368,UPI,Success,
TXN01845,2026-09-01 14:50:00,22974,Card,Success,
TXN01846,2026-09-01 10:52:00,2320,UPI,Success,
TXN01847,2026-09-01 11:25:00,19695,NetBanking,Success,
TXN01848,2026-09-01 11:58:00,14116,Card,Success,
TXN01849,2026-09-01 20:10:00,19268,Card,Success,
TXN01850,2026-09-01 21:40:00,21297,NetBanking,Success,
TXN01851,2026-09-01 19:22:00,19964,Wallet,Success,
TXN01852,2026-09-01 16:43:00,9338,UPI,Success,
TXN01853,2026-09-01 10:05:00,8414,UPI,Success,
TXN01854,2026-09-01 10:17:00,1173,UPI,Failed,Bank timeout
TXN01855,2026-09-01 16:30:00,22420,UPI,Success,
TXN01856,2026-09-01 18:19:00,22456,UPI,Success,
TXN01857,2026-09-01 18:38:00,3356,Card,Success,
TXN01858,2026-09-01 16:52:00,16328,Card,Success,
TXN01859,2026-09-01 19:17:00,16515,UPI,Success,
TXN01860,2026-09-01 13:51:00,17912,Card,Success,
TXN01861,2026-09-01 08:32:00,14303,NetBanking,Success,
TXN01862,2026-09-01 15:40:00,10507,NetBanking,Success,
TXN01863,2026-09-01 08:36:00,1276,UPI,Success,
TXN01864,2026-09-01 21:18:00,10130,NetBanking,Success,
TXN01865,2026-09-01 15:21:00,4606,UPI,Success,
TXN01866,2026-09-01 21:02:00,3784,Card,Success,
TXN01867,2026-09-01 17:27:00,22658,Card,Success,
TXN01868,2026-09-01 17:35:00,5321,Card,Success,
TXN01869,2026-09-01 16:26:00,19567,Wallet,Success,
TXN01870,2026-09-01 14:01:00,9520,UPI,Failed,Bank timeout
TXN01871,2026-09-01 10:11:00,12206,UPI,Success,
TXN01872,2026-09-01 08:27:00,20685,UPI,Success,
TXN01873,2026-09-01 13:53:00,11910,UPI,Failed,Insufficient funds
TXN01874,2026-09-01 12:13:00,7888,Card,Success,
TXN01875,2026-09-01 19:44:00,2346,NetBanking,Success,
TXN01876,2026-09-01 10:53:00,845,Card,Failed,Payment declined
TXN01877,2026-09-01 17:41:00,17067,NetBanking,Success,
TXN01878,2026-09-01 19:52:00,15591,Card,Success,
TXN01879,2026-09-01 14:26:00,18889,UPI,Success,
TXN01880,2026-09-01 21:47:00,16202,UPI,Success,
TXN01881,2026-09-01 13:44:00,16476,Card,Success,
TXN01882,2026-09-01 13:47:00,5660,Card,Success,
TXN01883,2026-09-01 15:26:00,6811,UPI,Success,
TXN01884,2026-09-01 21:26:00,2668,NetBanking,Success,
TXN01885,2026-09-01 12:54:00,8888,UPI,Success,
TXN01886,2026-09-01 14:51:00,7601,Card,Success,
TXN01887,2026-09-01 20:14:00,19146,UPI,Failed,Bank timeout
TXN01888,2026-09-01 17:40:00,17601,UPI,Success,
TXN01889,2026-09-01 21:34:00,2712,Card,Success,
TXN01890,2026-09-01 21:43:00,10027,UPI,Success,
TXN01891,2026-09-01 11:24:00,13776,UPI,Success,
TXN01892,2026-09-01 15:44:00,22205,Card,Success,
TXN01893,2026-09-01 08:19:00,20773,Card,Success,
TXN01894,2026-09-01 17:50:00,16557,UPI,Success,
TXN01895,2026-09-01 20:40:00,15512,UPI,Success,
TXN01896,2026-09-01 21:48:00,20333,NetBanking,Success,
TXN01897,2026-09-01 17:39:00,24009,Card,Success,
TXN01898,2026-09-01 14:13:00,15354,UPI,Success,
TXN01899,2026-09-01 19:41:00,10039,NetBanking,Success,
TXN01900,2026-09-01 09:05:00,20972,UPI,Success,
TXN01901,2026-09-01 12:53:00,21369,UPI,Success,
TXN01902,2026-09-01 12:01:00,13499,UPI,Success,
TXN01903,2026-09-01 08:28:00,8247,Card,Success,
TXN01904,2026-09-01 16:17:00,18544,Wallet,Success,
TXN01905,2026-09-01 08:37:00,6818,UPI,Success,
TXN01906,2026-09-01 12:24:00,9302,Card,Success,
TXN01907,2026-09-01 08:43:00,23874,UPI,Failed,Bank timeout
TXN01908,2026-09-01 13:21:00,19913,UPI,Failed,Payment declined
TXN01909,2026-09-01 14:12:00,22209,Card,Success,
TXN01910,2026-09-01 20:21:00,4805,UPI,Success,
TXN01911,2026-09-01 16:32:00,4153,Card,Success,
TXN01912,2026-09-01 21:13:00,17411,UPI,Success,
TXN01913,2026-09-01 12:03:00,19854,UPI,Success,
TXN01914,2026-09-01 13:37:00,19347,Card,Success,
TXN01915,2026-09-01 20:41:00,7931,NetBanking,Success,
TXN01916,2026-09-01 09:49:00,5939,UPI,Success,
TXN01917,2026-09-01 14:58:00,8533,NetBanking,Failed,Authentication failed
TXN01918,2026-09-01 14:23:00,23125,NetBanking,Success,
TXN01919,2026-09-01 15:13:00,15760,Card,Success,
TXN01920,2026-09-01 21:23:00,4948,UPI,Success,
TXN01921,2026-09-01 13:15:00,890,Card,Success,
TXN01922,2026-09-01 08:35:00,24430,Card,Success,
TXN01923,2026-09-01 19:47:00,22206,UPI,Success,
TXN01924,2026-09-01 13:16:00,21137,Wallet,Success,
TXN01925,2026-09-01 21:51:00,22654,UPI,Success,
TXN01926,2026-09-01 15:33:00,12929,UPI,Success,
TXN01927,2026-09-01 12:21:00,10059,UPI,Success,
TXN01928,2026-09-01 12:01:00,9945,UPI,Success,
TXN01929,2026-09-01 15:29:00,20888,UPI,Success,
TXN01930,2026-09-01 18:59:00,13513,Card,Success,
TXN01931,2026-09-01 09:22:00,16311,UPI,Success,
TXN01932,2026-09-01 13:40:00,23707,UPI,Success,
TXN01933,2026-09-01 09:42:00,5454,Card,Success,
TXN01934,2026-09-01 14:00:00,13991,Card,Success,
TXN01935,2026-09-01 20:35:00,10907,UPI,Failed,Bank timeout
TXN01936,2026-09-01 18:56:00,21223,UPI,Success,
TXN01937,2026-09-01 18:56:00,4659,UPI,Success,
TXN01938,2026-09-01 13:12:00,10480,Card,Success,
TXN01939,2026-09-01 12:15:00,17120,Card,Success,
TXN01940,2026-09-01 19:04:00,4462,NetBanking,Success,
TXN01941,2026-09-01 21:31:00,10666,UPI,Success,
TXN01942,2026-09-01 10:16:00,8741,UPI,Success,
TXN01943,2026-09-01 13:35:00,9433,UPI,Success,
TXN01944,2026-09-01 11:06:00,13094,NetBanking,Success,
TXN01945,2026-09-01 17:44:00,7555,UPI,Failed,Authentication failed
TXN01946,2026-09-01 19:02:00,20254,Card,Success,
TXN01947,2026-09-01 15:53:00,6696,UPI,Success,
TXN01948,2026-09-01 08:50:00,13341,Card,Success,
TXN01949,2026-09-01 10:32:00,3118,Wallet,Success,
TXN01950,2026-09-01 17:40:00,4045,UPI,Success,
TXN01951,2026-09-01 21:11:00,15067,NetBanking,Success,
TXN01952,2026-09-01 11:49:00,23582,UPI,Success,
TXN01953,2026-09-01 21:52:00,8922,UPI,Success,
TXN01954,2026-09-01 10:13:00,14333,NetBanking,Success,
TXN01955,2026-09-01 12:49:00,24012,Card,Success,
TXN01956,2026-09-01 14:58:00,4982,UPI,Success,
TXN01957,2026-09-01 12:01:00,20440,UPI,Success,
TXN01958,2026-09-01 17:56:00,22622,Card,Success,
TXN01959,2026-09-01 16:00:00,4564,NetBanking,Success,
TXN01960,2026-09-01 14:47:00,22706,UPI,Success,
TXN01961,2026-09-01 15:13:00,24320,Card,Failed,Authentication failed
TXN01962,2026-09-01 09:00:00,1907,UPI,Success,
TXN01963,2026-09-01 14:02:00,20069,NetBanking,Success,
TXN01964,2026-09-01 18:12:00,23451,Card,Failed,Network error
TXN01965,2026-09-01 16:36:00,20504,UPI,Success,
TXN01966,2026-09-01 19:27:00,12353,UPI,Success,
TXN01967,2026-09-01 08:42:00,19221,UPI,Success,
TXN01968,2026-09-01 16:24:00,11314,NetBanking,Success,
TXN01969,2026-09-01 13:24:00,23473,Card,Success,
TXN01970,2026-09-01 09:59:00,10465,UPI,Success,
TXN01971,2026-09-01 12:47:00,24704,UPI,Success,
TXN01972,2026-09-01 12:29:00,20284,NetBanking,Success,
TXN01973,2026-09-01 16:49:00,10456,UPI,Success,
TXN01974,2026-09-01 20:34:00,16298,Card,Success,
TXN01975,2026-09-01 19:13:00,21061,Card,Failed,Insufficient funds
TXN01976,2026-09-01 08:55:00,7732,UPI,Success,
TXN01977,2026-09-01 10:47:00,23332,UPI,Success,
TXN01978,2026-09-01 16:26:00,1536,UPI,Success,
TXN01979,2026-09-01 17:34:00,16099,UPI,Success,
TXN01980,2026-09-01 20:17:00,5051,UPI,Failed,Network error
TXN01981,2026-09-01 11:04:00,5714,Card,Success,
TXN01982,2026-09-01 17:36:00,21929,Card,Success,
TXN01983,2026-09-01 08:04:00,17436,Card,Success,
TXN01984,2026-09-01 09:18:00,8266,Card,Success,
TXN01985,2026-09-01 13:36:00,1050,UPI,Success,
TXN01986,2026-09-01 10:04:00,13116,UPI,Success,
TXN01987,2026-09-01 09:48:00,10801,UPI,Success,
TXN01988,2026-09-01 20:04:00,21811,UPI,Success,
TXN01989,2026-09-01 12:35:00,19670,Card,Success,
TXN01990,2026-09-01 08:44:00,21701,Card,Success,
TXN01991,2026-09-01 20:29:00,24262,NetBanking,Success,
TXN01992,2026-09-01 10:12:00,7126,NetBanking,Success,
TXN01993,2026-09-01 12:49:00,10789,Card,Success,
TXN01994,2026-09-01 17:20:00,19935,UPI,Success,
TXN01995,2026-09-01 11:02:00,8066,Wallet,Success,
TXN01996,2026-09-01 09:31:00,872,NetBanking,Success,
TXN01997,2026-09-01 21:18:00,13385,UPI,Success,
TXN01998,2026-09-01 19:09:00,5250,UPI,Success,
TXN01999,2026-09-01 15:22:00,24313,NetBanking,Success,
TXN02000,2026-09-01 19:41:00,19975,UPI,Success,
